"","...1","Leeftijd","Marges","Perioden","Wijken.en.buurten","Regioaanduiding.Gemeentenaam..naam.","Regioaanduiding.Soort.regio..omschrijving.","Regioaanduiding.Codering..code.","Ervaren.gezondheid..goed.zeer.goed.....","Bewegen.Voldoet.aan.beweegrichtlijn....","Onder..en.overgewicht.Mate.van.overgewicht.Ernstig.overgewicht....","Roker....","Alcoholgebruik.Voldoet.aan.alcohol.richtlijn....","Lichamelijke.gezondheid.Eén.of.meer.langdurige.aandoeningen....","Psychische.klachten....","Veerkracht..Zeer..lage.veerkracht....","Hoog.risico.op.angst.of.depressie....","Eenzaamheid.Ernstig.zeer.ernstig.eenzaam...."
"1",1,"18 jaar of ouder","Waarde",2022,"Nederland","Nederland","Land","NL01",69,46.8,16.5,18,43.1,33.4,22.2,17.3,10.2,14.4
"2",2,"18 jaar of ouder","Waarde",2022,"Aa en Hunze","Aa en Hunze","Gemeente","GM1680",72,47.1,17.2,14.4,43.3,34.6,16,13.9,6.4,10
"3",3,"18 jaar of ouder","Waarde",2022,"Aalsmeer","Aalsmeer","Gemeente","GM0358",73.1,46.5,14.5,15.6,39,30.5,19.3,14.8,8.2,12.6
"4",4,"18 jaar of ouder","Waarde",2022,"Aalten","Aalten","Gemeente","GM0197",71.6,47.2,17.6,15.4,37.4,31.5,16.8,15.1,7.7,11.6
"5",5,"18 jaar of ouder","Waarde",2022,"Achtkarspelen","Achtkarspelen","Gemeente","GM0059",71.4,43,17.7,19.3,41.5,32.2,17.8,15.9,7.7,11.4
"6",6,"18 jaar of ouder","Waarde",2022,"Alblasserdam","Alblasserdam","Gemeente","GM0482",68.8,40.1,18.5,16.8,50.7,33.6,21.7,17.6,9.7,13.5
"7",7,"18 jaar of ouder","Waarde",2022,"Albrandswaard","Albrandswaard","Gemeente","GM0613",71.7,42.3,17.4,14.7,47.5,32.1,19,15.3,7.9,12.1
"8",8,"18 jaar of ouder","Waarde",2022,"Alkmaar","Alkmaar","Gemeente","GM0361",68.6,50.6,15.2,18.1,39.9,34.2,23,17.1,10.9,14.4
"9",9,"18 jaar of ouder","Waarde",2022,"Almelo","Almelo","Gemeente","GM0141",65.7,46.6,20.6,21.7,44.6,35.6,23.2,18.9,12,15.4
"10",10,"18 jaar of ouder","Waarde",2022,"Almere","Almere","Gemeente","GM0034",68.8,45.5,17.1,19.3,46.6,32.4,23.6,18.9,11.5,16.1
"11",11,"18 jaar of ouder","Waarde",2022,"Alphen aan den Rijn","Alphen aan den Rijn","Gemeente","GM0484",70.7,46.2,16.4,16.7,44,32.5,20.8,15.7,9.3,13
"12",12,"18 jaar of ouder","Waarde",2022,"Alphen-Chaam","Alphen-Chaam","Gemeente","GM1723",72.1,43.3,15.8,13.2,35.9,30.7,16.9,14.2,6.5,9.9
"13",13,"18 jaar of ouder","Waarde",2022,"Altena","Altena","Gemeente","GM1959",71.7,41,17.3,15.6,45.9,31.1,18,15.2,7.6,11
"14",14,"18 jaar of ouder","Waarde",2022,"Ameland","Ameland","Gemeente","GM0060",72.9,63.1,14.5,20.2,39.4,27.3,18.3,14.3,8.4,12
"15",15,"18 jaar of ouder","Waarde",2022,"Amersfoort","Amersfoort","Gemeente","GM0307",71.5,50,14.9,17.3,42.6,32,21.5,16.3,10.1,13.7
"16",16,"18 jaar of ouder","Waarde",2022,"Amstelveen","Amstelveen","Gemeente","GM0362",70.6,49,13.4,16.7,44.4,32,24.2,16.9,10.4,17.2
"17",17,"18 jaar of ouder","Waarde",2022,"Amsterdam","Amsterdam","Gemeente","GM0363",66.8,53.8,12.8,23.6,41.8,32.8,31.6,21.6,15.1,20.7
"18",18,"18 jaar of ouder","Waarde",2022,"Apeldoorn","Apeldoorn","Gemeente","GM0200",69.9,47.9,16.7,17.8,44.9,34.1,20.6,16.4,9.6,13
"19",19,"18 jaar of ouder","Waarde",2022,"Arnhem","Arnhem","Gemeente","GM0202",66.6,47.8,17,21.3,45.1,35.1,26.2,20,13.3,17
"20",20,"18 jaar of ouder","Waarde",2022,"Assen","Assen","Gemeente","GM0106",69,48.4,17.7,18.4,44.1,34.4,20.1,16.6,9.2,13.4
"21",21,"18 jaar of ouder","Waarde",2022,"Asten","Asten","Gemeente","GM0743",70.2,44.8,14.8,14.8,37.5,32.2,18.2,14.8,7.7,11.7
"22",22,"18 jaar of ouder","Waarde",2022,"Baarle-Nassau","Baarle-Nassau","Gemeente","GM0744",67.7,40.2,17.8,14.3,37.9,32.4,18.3,16.3,7.1,11.6
"23",23,"18 jaar of ouder","Waarde",2022,"Baarn","Baarn","Gemeente","GM0308",72.2,48.9,14.4,15.3,41.6,32.8,18.9,14.6,8.1,12.4
"24",24,"18 jaar of ouder","Waarde",2022,"Barendrecht","Barendrecht","Gemeente","GM0489",70.7,40.8,17.1,15,49.5,32.6,20.6,16.2,8.8,13.1
"25",25,"18 jaar of ouder","Waarde",2022,"Barneveld","Barneveld","Gemeente","GM0203",73.9,46.5,15.6,15.9,47.1,29.7,17.4,14.7,7.8,10.5
"26",26,"18 jaar of ouder","Waarde",2022,"Beek","Beek","Gemeente","GM0888",65.9,41.3,18.1,14.9,46.4,37.1,21.3,15.8,9,13.2
"27",27,"18 jaar of ouder","Waarde",2022,"Beekdaelen","Beekdaelen","Gemeente","GM1954",65.5,37.5,18.3,15.3,44.5,36.6,20.9,15.9,8.7,12.5
"28",28,"18 jaar of ouder","Waarde",2022,"Beesel","Beesel","Gemeente","GM0889",66.4,43.8,17.8,15.4,41.6,37,19.8,16.2,8.6,12.9
"29",29,"18 jaar of ouder","Waarde",2022,"Berg en Dal","Berg en Dal","Gemeente","GM1945",69.4,47.2,16.6,15,40.4,35.2,18.4,15.3,7.9,12
"30",30,"18 jaar of ouder","Waarde",2022,"Bergeijk","Bergeijk","Gemeente","GM1724",71.2,44.9,15.5,13.4,36.4,30.9,17.5,14.4,6.8,10.9
"31",31,"18 jaar of ouder","Waarde",2022,"Bergen (L.)","Bergen (L.)","Gemeente","GM0893",68.9,44.4,17.8,15.5,40,34.8,18.8,15.4,7.7,11.7
"32",32,"18 jaar of ouder","Waarde",2022,"Bergen (NH.)","Bergen (NH.)","Gemeente","GM0373",71.8,55.7,12.7,13.6,38.1,34.6,16.9,13.8,6.9,11
"33",33,"18 jaar of ouder","Waarde",2022,"Bergen op Zoom","Bergen op Zoom","Gemeente","GM0748",65.3,41.5,19.6,18.6,46.1,35.9,23.5,19,10.8,15.8
"34",34,"18 jaar of ouder","Waarde",2022,"Berkelland","Berkelland","Gemeente","GM1859",72.5,49.1,16.8,15,35.8,32.5,15.5,14.2,7.2,10.3
"35",35,"18 jaar of ouder","Waarde",2022,"Bernheze","Bernheze","Gemeente","GM1721",72.4,46,15.2,14.1,36.1,30.7,17.1,14.4,7.2,10.8
"36",36,"18 jaar of ouder","Waarde",2022,"Best","Best","Gemeente","GM0753",70.4,44.9,15.8,14.9,39.1,32.4,19.5,15.3,8.3,13
"37",37,"18 jaar of ouder","Waarde",2022,"Beuningen","Beuningen","Gemeente","GM0209",71.1,47.3,16.2,14.9,39.7,33.5,17.8,14.6,7.8,11.3
"38",38,"18 jaar of ouder","Waarde",2022,"Beverwijk","Beverwijk","Gemeente","GM0375",67.2,47.5,17.6,20.3,42.3,33.5,23.7,18,11.8,15.7
"39",39,"18 jaar of ouder","Waarde",2022,"De Bilt","De Bilt","Gemeente","GM0310",72.8,49.1,13.3,13.9,42.1,32.5,18.9,14.2,7.8,11.5
"40",40,"18 jaar of ouder","Waarde",2022,"Bladel","Bladel","Gemeente","GM1728",70.8,44.7,16,14.1,35.9,31,17.8,14.8,7,11.2
"41",41,"18 jaar of ouder","Waarde",2022,"Blaricum","Blaricum","Gemeente","GM0376",75.1,48,12.6,13.2,38.9,30.3,16.1,12.5,6.6,10.4
"42",42,"18 jaar of ouder","Waarde",2022,"Bloemendaal","Bloemendaal","Gemeente","GM0377",76.2,55.2,10.9,11.5,33.9,30.8,15.5,11.7,6,10.1
"43",43,"18 jaar of ouder","Waarde",2022,"Bodegraven-Reeuwijk","Bodegraven-Reeuwijk","Gemeente","GM1901",73.1,46.1,15.2,14.5,43.6,30.9,18.4,14.2,7.8,11.2
"44",44,"18 jaar of ouder","Waarde",2022,"Boekel","Boekel","Gemeente","GM0755",72.8,47.8,14.8,13.7,35.9,29.7,16.6,14.3,7.1,10.4
"45",45,"18 jaar of ouder","Waarde",2022,"Borger-Odoorn","Borger-Odoorn","Gemeente","GM1681",68.9,44.1,20.8,17,44,36.1,17.9,15.5,7.9,11.7
"46",46,"18 jaar of ouder","Waarde",2022,"Borne","Borne","Gemeente","GM0147",72.8,50.8,16.1,14.9,37.5,31.7,16.9,14,7.7,10.7
"47",47,"18 jaar of ouder","Waarde",2022,"Borsele","Borsele","Gemeente","GM0654",71.2,42.3,15.7,16.1,46.5,32.8,17.5,15.7,7.1,12.5
"48",48,"18 jaar of ouder","Waarde",2022,"Boxtel","Boxtel","Gemeente","GM0757",69.5,45.4,16.6,16.4,38.7,33.2,19.5,15.8,8.5,13
"49",49,"18 jaar of ouder","Waarde",2022,"Breda","Breda","Gemeente","GM0758",68.3,45.6,16.5,17.8,38.3,32.7,23.7,17.5,10.6,14.2
"50",50,"18 jaar of ouder","Waarde",2022,"Brielle","Brielle","Gemeente","GM0501",70.7,44.3,19.2,16.6,44.3,32.7,18.6,14.8,7.8,13
"51",51,"18 jaar of ouder","Waarde",2022,"Bronckhorst","Bronckhorst","Gemeente","GM1876",73.3,47.3,15.7,13.6,37.9,33,15.3,13.3,6.6,9.8
"52",52,"18 jaar of ouder","Waarde",2022,"Brummen","Brummen","Gemeente","GM0213",70.5,45.3,17.4,15.6,42.5,34.6,17.5,15.1,7.9,11
"53",53,"18 jaar of ouder","Waarde",2022,"Brunssum","Brunssum","Gemeente","GM0899",59.9,36.6,22.7,20.3,48.1,42,26,19.9,12.1,16.2
"54",54,"18 jaar of ouder","Waarde",2022,"Bunnik","Bunnik","Gemeente","GM0312",75.4,49.2,12.8,12.5,42.6,31.2,16.7,12.6,6.4,10
"55",55,"18 jaar of ouder","Waarde",2022,"Bunschoten","Bunschoten","Gemeente","GM0313",74.2,48.5,15.6,16.3,39,28.8,17.6,14.4,8,11
"56",56,"18 jaar of ouder","Waarde",2022,"Buren","Buren","Gemeente","GM0214",73.2,44.6,16.5,15.6,43.4,31.2,16.7,13.9,7,10
"57",57,"18 jaar of ouder","Waarde",2022,"Capelle aan den IJssel","Capelle aan den IJssel","Gemeente","GM0502",65.8,40.9,18.8,18.1,50.7,35.7,24.3,18.7,11.5,16.6
"58",58,"18 jaar of ouder","Waarde",2022,"Castricum","Castricum","Gemeente","GM0383",73.9,54.9,12.2,12.6,36.3,31.3,17.2,13.7,7.2,10.5
"59",59,"18 jaar of ouder","Waarde",2022,"Coevorden","Coevorden","Gemeente","GM0109",69.8,45.7,18.7,17.2,41.7,34.4,17.4,16,8,11.7
"60",60,"18 jaar of ouder","Waarde",2022,"Cranendonck","Cranendonck","Gemeente","GM1706",69.2,43.2,16.1,14.3,38.5,32.4,18.7,14.6,7.5,11.7
"61",61,"18 jaar of ouder","Waarde",2022,"Culemborg","Culemborg","Gemeente","GM0216",70.6,46.8,16.4,15.8,47.4,33.8,20.7,16.5,9.4,13
"62",62,"18 jaar of ouder","Waarde",2022,"Dalfsen","Dalfsen","Gemeente","GM0148",75.1,48.6,14.6,14.1,40.3,29.2,15.2,15.2,6.3,9.7
"63",63,"18 jaar of ouder","Waarde",2022,"Dantumadiel","Dantumadiel","Gemeente","GM1891",70.9,43.4,16.3,18.7,44.7,32.9,17.5,16.2,7.3,11.4
"64",64,"18 jaar of ouder","Waarde",2022,"Delft","Delft","Gemeente","GM0503",69.4,52.9,14.3,19.1,43.2,31.4,27.8,18.7,13,18.2
"65",65,"18 jaar of ouder","Waarde",2022,"Deurne","Deurne","Gemeente","GM0762",69.6,43.7,15.9,14.7,37.4,33.5,18.2,15.2,7.8,11.6
"66",66,"18 jaar of ouder","Waarde",2022,"Deventer","Deventer","Gemeente","GM0150",69.6,48.4,17.2,19.1,42.6,33.6,22.2,17.8,11.1,14
"67",67,"18 jaar of ouder","Waarde",2022,"Diemen","Diemen","Gemeente","GM0384",69.7,49.9,13.7,19.7,42.7,31,27.5,18.3,12.2,18.5
"68",68,"18 jaar of ouder","Waarde",2022,"Dijk en Waard","Dijk en Waard","Gemeente","GM1980",71.3,50.1,14.8,16.2,39,31.9,20.2,15.5,9.2,12.3
"69",69,"18 jaar of ouder","Waarde",2022,"Dinkelland","Dinkelland","Gemeente","GM1774",75,51.5,15.5,13.5,32.7,27.6,15.6,14.2,6.2,9.8
"70",70,"18 jaar of ouder","Waarde",2022,"Doesburg","Doesburg","Gemeente","GM0221",65.7,44.4,19.4,18.2,45.4,38.9,21.3,17.7,10.4,13.9
"71",71,"18 jaar of ouder","Waarde",2022,"Doetinchem","Doetinchem","Gemeente","GM0222",69.9,47.2,18.3,17.3,39.8,35,19.9,16.5,9.7,12.9
"72",72,"18 jaar of ouder","Waarde",2022,"Dongen","Dongen","Gemeente","GM0766",69.2,42.8,18.7,16,41.4,33.2,19.9,16.2,8.6,12.7
"73",73,"18 jaar of ouder","Waarde",2022,"Dordrecht","Dordrecht","Gemeente","GM0505",65.3,42.1,19.4,19.4,51,35.2,25.4,19.7,12.1,16.6
"74",74,"18 jaar of ouder","Waarde",2022,"Drechterland","Drechterland","Gemeente","GM0498",72.5,51,14.5,15,36.5,30.4,17.4,14.5,7.4,11.1
"75",75,"18 jaar of ouder","Waarde",2022,"Drimmelen","Drimmelen","Gemeente","GM1719",70.6,40.5,17.9,15.1,39.4,32.7,18.4,15.1,7.5,11.2
"76",76,"18 jaar of ouder","Waarde",2022,"Dronten","Dronten","Gemeente","GM0303",70.9,44.8,17.4,17.6,45.8,32.8,19.5,17.2,9.1,12.3
"77",77,"18 jaar of ouder","Waarde",2022,"Druten","Druten","Gemeente","GM0225",70.2,44.5,17.2,15.8,42.3,33.3,18.3,15.6,8.2,11.8
"78",78,"18 jaar of ouder","Waarde",2022,"Duiven","Duiven","Gemeente","GM0226",70.4,47.7,18,15.7,40.5,34.3,18.5,15.3,8.4,11.6
"79",79,"18 jaar of ouder","Waarde",2022,"Echt-Susteren","Echt-Susteren","Gemeente","GM1711",65.1,40.9,17.8,15.5,44.5,36.6,21.4,17,8.7,13.2
"80",80,"18 jaar of ouder","Waarde",2022,"Edam-Volendam","Edam-Volendam","Gemeente","GM0385",73.3,47.8,14.3,14.7,36.1,30.5,17.5,13.9,7.4,10.6
"81",81,"18 jaar of ouder","Waarde",2022,"Ede","Ede","Gemeente","GM0228",72,47.8,15.5,16.4,48.1,32.1,19.5,15.6,8.9,11.8
"82",82,"18 jaar of ouder","Waarde",2022,"Eemnes","Eemnes","Gemeente","GM0317",74.4,49.4,13.6,14.6,36,30.4,16.8,13.1,6.9,10.5
"83",83,"18 jaar of ouder","Waarde",2022,"Eemsdelta","Eemsdelta","Gemeente","GM1979",61.8,42,23.3,22,49.9,40.3,22.1,19.9,10,15.1
"84",84,"18 jaar of ouder","Waarde",2022,"Eersel","Eersel","Gemeente","GM0770",71.9,45.6,15.3,12.8,36.7,31.2,17,13.8,6.7,10.6
"85",85,"18 jaar of ouder","Waarde",2022,"Eijsden-Margraten","Eijsden-Margraten","Gemeente","GM1903",71.5,41.8,14.9,13.1,40.2,33.2,18.5,13.3,7.1,11.2
"86",86,"18 jaar of ouder","Waarde",2022,"Eindhoven","Eindhoven","Gemeente","GM0772",67.4,47.4,15.3,20.3,41.7,32.7,26,18.9,12.4,18.3
"87",87,"18 jaar of ouder","Waarde",2022,"Elburg","Elburg","Gemeente","GM0230",72.9,44.7,16.9,16.8,46.2,31.5,17.6,16,8,11
"88",88,"18 jaar of ouder","Waarde",2022,"Emmen","Emmen","Gemeente","GM0114",65.8,42.5,23.2,20,43,36.5,20.7,18.7,10,13.3
"89",89,"18 jaar of ouder","Waarde",2022,"Enkhuizen","Enkhuizen","Gemeente","GM0388",68.7,48.3,16.9,17.9,39.3,34.4,21.7,16.7,9.7,13.3
"90",90,"18 jaar of ouder","Waarde",2022,"Enschede","Enschede","Gemeente","GM0153",66.8,51.2,18.2,21.2,40,34.3,24.8,19.5,12.8,16.7
"91",91,"18 jaar of ouder","Waarde",2022,"Epe","Epe","Gemeente","GM0232",71.4,45.7,16.3,15.5,45.9,33.4,17.4,15.3,7.7,11.1
"92",92,"18 jaar of ouder","Waarde",2022,"Ermelo","Ermelo","Gemeente","GM0233",72.2,46.9,15.4,15.7,45.9,33.1,17.9,14.5,7.9,11.4
"93",93,"18 jaar of ouder","Waarde",2022,"Etten-Leur","Etten-Leur","Gemeente","GM0777",67.6,42,18.4,16.5,42.5,34.2,21.6,17.6,9.4,14.1
"94",94,"18 jaar of ouder","Waarde",2022,"De Fryske Marren","De Fryske Marren","Gemeente","GM1940",72.6,47.2,15.8,15.9,40.3,31.8,16.5,14.5,7.1,10.8
"95",95,"18 jaar of ouder","Waarde",2022,"Geertruidenberg","Geertruidenberg","Gemeente","GM0779",68.5,39.4,19.4,16.7,41.3,33.7,20,16.4,8.7,12.5
"96",96,"18 jaar of ouder","Waarde",2022,"Geldrop-Mierlo","Geldrop-Mierlo","Gemeente","GM1771",68.4,44.5,16.1,15.9,39.3,34.1,20.1,15.8,8.7,13.1
"97",97,"18 jaar of ouder","Waarde",2022,"Gemert-Bakel","Gemert-Bakel","Gemeente","GM1652",70.4,45.6,16,15,37.4,32.2,18,15,7.8,11.6
"98",98,"18 jaar of ouder","Waarde",2022,"Gennep","Gennep","Gemeente","GM0907",69.6,46.8,16.6,15.4,39.4,34.3,18.4,15.3,7.9,12.2
"99",99,"18 jaar of ouder","Waarde",2022,"Gilze en Rijen","Gilze en Rijen","Gemeente","GM0784",68.2,43.2,18.8,15.8,41,33.9,19.9,16.7,8.7,12.7
"100",100,"18 jaar of ouder","Waarde",2022,"Goeree-Overflakkee","Goeree-Overflakkee","Gemeente","GM1924",70.2,42.1,20.3,16.4,48.5,33.5,18.8,15.8,7.8,12.6
"101",1,"18 jaar of ouder","Waarde",2022,"Goes","Goes","Gemeente","GM0664",68.8,43.2,16.4,17,47.7,34.9,20.3,17.3,8.5,14.8
"102",2,"18 jaar of ouder","Waarde",2022,"Goirle","Goirle","Gemeente","GM0785",70,43.1,17.7,14.7,38.2,33.4,18.4,14.8,7.4,11.5
"103",3,"18 jaar of ouder","Waarde",2022,"Gooise Meren","Gooise Meren","Gemeente","GM1942",73.9,49.3,12.7,15,38,31,19.3,13.7,7.9,12.2
"104",4,"18 jaar of ouder","Waarde",2022,"Gorinchem","Gorinchem","Gemeente","GM0512",66.6,41.6,18.5,18.2,49.7,34.5,24,18.9,11.6,15.5
"105",5,"18 jaar of ouder","Waarde",2022,"Gouda","Gouda","Gemeente","GM0513",67.8,45.3,17,17.2,49,34.6,23.9,18.1,11,14.8
"106",6,"18 jaar of ouder","Waarde",2022,"'s-Gravenhage","'s-Gravenhage","Gemeente","GM0518",64.1,48.6,16.7,21.8,50.6,34.1,29.7,22,14.9,20.7
"107",7,"18 jaar of ouder","Waarde",2022,"Groningen","Groningen","Gemeente","GM0014",69.8,57.3,13.2,23.6,36.4,31.3,25.9,17.5,11.7,15.9
"108",8,"18 jaar of ouder","Waarde",2022,"Gulpen-Wittem","Gulpen-Wittem","Gemeente","GM1729",67.6,37.3,15.8,14.5,40.8,36.1,19.7,14.7,8.2,12.4
"109",9,"18 jaar of ouder","Waarde",2022,"Haaksbergen","Haaksbergen","Gemeente","GM0158",72.7,51.2,16.2,15,36.2,32.2,16.4,14.6,7.3,10.5
"110",10,"18 jaar of ouder","Waarde",2022,"Haarlem","Haarlem","Gemeente","GM0392",70.5,51.6,14,19.1,39.3,32,23.9,17.7,11.3,15.3
"111",11,"18 jaar of ouder","Waarde",2022,"Haarlemmermeer","Haarlemmermeer","Gemeente","GM0394",72.1,47,15.2,16,41.9,31.1,20.6,15.8,9.4,13.6
"112",12,"18 jaar of ouder","Waarde",2022,"Halderberge","Halderberge","Gemeente","GM1655",66.7,37.9,19.4,16.5,44.6,33.7,20.1,17.4,8.5,13.8
"113",13,"18 jaar of ouder","Waarde",2022,"Hardenberg","Hardenberg","Gemeente","GM0160",72.6,46,17.9,17.4,39.4,31.1,16.5,16.3,7.6,10.6
"114",14,"18 jaar of ouder","Waarde",2022,"Harderwijk","Harderwijk","Gemeente","GM0243",69.9,47.3,16.8,17.5,47.3,33.4,20.8,16.4,9.7,13.1
"115",15,"18 jaar of ouder","Waarde",2022,"Hardinxveld-Giessendam","Hardinxveld-Giessendam","Gemeente","GM0523",72.1,40.8,17.4,15.1,49.8,30.9,18.5,15.7,8,11.3
"116",16,"18 jaar of ouder","Waarde",2022,"Harlingen","Harlingen","Gemeente","GM0072",68.2,50.6,19,19.8,44.4,36,18.3,16.1,8.4,13.3
"117",17,"18 jaar of ouder","Waarde",2022,"Hattem","Hattem","Gemeente","GM0244",73.8,47.7,15.5,14.7,44.7,31.1,16.1,14.4,6.9,10.5
"118",18,"18 jaar of ouder","Waarde",2022,"Heemskerk","Heemskerk","Gemeente","GM0396",68.9,48.9,16.1,16.1,41.6,33.7,21,16.4,9.8,13.5
"119",19,"18 jaar of ouder","Waarde",2022,"Heemstede","Heemstede","Gemeente","GM0397",74.5,52,11.9,12.6,36.9,32,17,12.7,6.7,11.1
"120",20,"18 jaar of ouder","Waarde",2022,"Heerde","Heerde","Gemeente","GM0246",73,45.5,16,14.5,45.9,32.5,15.9,14.8,6.9,10.1
"121",21,"18 jaar of ouder","Waarde",2022,"Heerenveen","Heerenveen","Gemeente","GM0074",71.2,46.1,16.2,17.6,42.8,33.3,18.8,15.9,8.4,12.6
"122",22,"18 jaar of ouder","Waarde",2022,"Heerlen","Heerlen","Gemeente","GM0917",58.5,36.7,22.3,22.5,50.9,42.9,29.2,21.3,14.4,18.8
"123",23,"18 jaar of ouder","Waarde",2022,"Heeze-Leende","Heeze-Leende","Gemeente","GM1658",72.1,45.2,13.6,12.5,36.8,31.3,16.6,13.3,6.4,10.4
"124",24,"18 jaar of ouder","Waarde",2022,"Heiloo","Heiloo","Gemeente","GM0399",73.3,56,11.5,12.2,36.1,32.7,17.4,13.9,7.3,10.8
"125",25,"18 jaar of ouder","Waarde",2022,"Den Helder","Den Helder","Gemeente","GM0400",65.3,48.3,20.5,22.1,41.3,37.7,22,17,11.1,14.5
"126",26,"18 jaar of ouder","Waarde",2022,"Hellendoorn","Hellendoorn","Gemeente","GM0163",73.6,48.3,16.7,15.4,39.2,30.6,16.1,14.4,7.1,10.3
"127",27,"18 jaar of ouder","Waarde",2022,"Hellevoetsluis","Hellevoetsluis","Gemeente","GM0530",67.6,43.4,21.4,18.1,49,35.3,21.3,16.7,9.5,14.7
"128",28,"18 jaar of ouder","Waarde",2022,"Helmond","Helmond","Gemeente","GM0794",65.3,42.8,18.6,20,42.4,35.2,23.7,18.7,11.5,15.5
"129",29,"18 jaar of ouder","Waarde",2022,"Hendrik-Ido-Ambacht","Hendrik-Ido-Ambacht","Gemeente","GM0531",71.6,41.4,17.4,15,48.3,31.7,20,15.7,8.7,12.1
"130",30,"18 jaar of ouder","Waarde",2022,"Hengelo","Hengelo","Gemeente","GM0164",68.6,51.1,17.6,19.1,39.1,33.7,21.5,17.3,10.7,14.4
"131",31,"18 jaar of ouder","Waarde",2022,"'s-Hertogenbosch","'s-Hertogenbosch","Gemeente","GM0796",69.3,45.2,15.9,18.1,37.5,33.3,22.2,17.1,10.3,14.1
"132",32,"18 jaar of ouder","Waarde",2022,"Heumen","Heumen","Gemeente","GM0252",72.1,49.1,14.3,12.7,40.2,33.4,16.8,14.1,6.8,10.7
"133",33,"18 jaar of ouder","Waarde",2022,"Heusden","Heusden","Gemeente","GM0797",70.4,43.3,16.6,16.2,39.5,32.6,19,15.7,8.2,12.3
"134",34,"18 jaar of ouder","Waarde",2022,"Hillegom","Hillegom","Gemeente","GM0534",71.3,48.6,15.6,16.8,39.3,31.8,20,15.4,9.1,12.8
"135",35,"18 jaar of ouder","Waarde",2022,"Hilvarenbeek","Hilvarenbeek","Gemeente","GM0798",72.3,44.7,15.5,13.1,35.1,31,16.4,14,6.2,10.1
"136",36,"18 jaar of ouder","Waarde",2022,"Hilversum","Hilversum","Gemeente","GM0402",70.4,50.5,14.3,18.3,40.9,32.3,23.2,16.7,10.4,15
"137",37,"18 jaar of ouder","Waarde",2022,"Hoeksche Waard","Hoeksche Waard","Gemeente","GM1963",71.1,40.1,18.4,15.3,46.6,32.8,18.5,15.2,7.6,11.5
"138",38,"18 jaar of ouder","Waarde",2022,"Hof van Twente","Hof van Twente","Gemeente","GM1735",72.5,48.2,16.7,15.2,36.1,31.4,15.7,13.8,6.8,10.4
"139",39,"18 jaar of ouder","Waarde",2022,"Het Hogeland","Het Hogeland","Gemeente","GM1966",68.8,46.9,18.6,20.8,45.7,37.2,18.9,18.1,8,13
"140",40,"18 jaar of ouder","Waarde",2022,"Hollands Kroon","Hollands Kroon","Gemeente","GM1911",71.3,49.4,16.4,17,37.7,32.5,18.3,15.1,8.2,11.6
"141",41,"18 jaar of ouder","Waarde",2022,"Hoogeveen","Hoogeveen","Gemeente","GM0118",69,44,18.4,19.2,42.9,34.1,19.3,17.6,9.1,12.7
"142",42,"18 jaar of ouder","Waarde",2022,"Hoorn","Hoorn","Gemeente","GM0405",68.6,48.9,16.4,17.8,43,33.7,22.2,17.3,10.5,14.6
"143",43,"18 jaar of ouder","Waarde",2022,"Horst aan de Maas","Horst aan de Maas","Gemeente","GM1507",71.3,44.9,15.6,14.6,36.9,32.3,18.4,14.5,7.4,11.6
"144",44,"18 jaar of ouder","Waarde",2022,"Houten","Houten","Gemeente","GM0321",74.4,51.5,14,14.1,43.7,31.6,18.2,13.7,7.7,10.9
"145",45,"18 jaar of ouder","Waarde",2022,"Huizen","Huizen","Gemeente","GM0406",70,46.8,15.4,16.2,42.8,34.1,20.2,15.5,9,12.7
"146",46,"18 jaar of ouder","Waarde",2022,"Hulst","Hulst","Gemeente","GM0677",66,39.7,16.1,16.1,41,33.8,21.3,17.5,8.8,14.7
"147",47,"18 jaar of ouder","Waarde",2022,"IJsselstein","IJsselstein","Gemeente","GM0353",70.5,45.6,16.5,15.9,44.7,33.3,20.8,15.7,9.3,12.9
"148",48,"18 jaar of ouder","Waarde",2022,"Kaag en Braassem","Kaag en Braassem","Gemeente","GM1884",73,45.5,15.1,14.9,38.7,30.5,18,14.2,7.7,11.4
"149",49,"18 jaar of ouder","Waarde",2022,"Kampen","Kampen","Gemeente","GM0166",71,46,17.3,18.1,46.6,31.8,19.5,18.3,8.9,12.1
"150",50,"18 jaar of ouder","Waarde",2022,"Kapelle","Kapelle","Gemeente","GM0678",72.6,43.9,15.3,14.5,49.6,31.4,16.9,14.8,6.5,12
"151",51,"18 jaar of ouder","Waarde",2022,"Katwijk","Katwijk","Gemeente","GM0537",71.7,50.7,18.5,16.4,40,31,19.5,16,8.8,12.1
"152",52,"18 jaar of ouder","Waarde",2022,"Kerkrade","Kerkrade","Gemeente","GM0928",58.9,35.2,21.3,22.6,48.7,42.1,27,20.4,12.5,17.1
"153",53,"18 jaar of ouder","Waarde",2022,"Koggenland","Koggenland","Gemeente","GM1598",73.8,50.3,13.6,14.6,33.9,29.3,17,13.7,7.2,10.4
"154",54,"18 jaar of ouder","Waarde",2022,"Krimpen aan den IJssel","Krimpen aan den IJssel","Gemeente","GM0542",68.1,40.2,17.9,15.6,50.5,34.8,21,16.9,9.3,13.2
"155",55,"18 jaar of ouder","Waarde",2022,"Krimpenerwaard","Krimpenerwaard","Gemeente","GM1931",71.7,42.2,16.8,15.1,46.8,31.6,18.6,15.3,8,11.5
"156",56,"18 jaar of ouder","Waarde",2022,"Laarbeek","Laarbeek","Gemeente","GM1659",70.7,45.5,15.9,14.8,36.6,32,17.2,14.5,7.3,10.9
"157",57,"18 jaar of ouder","Waarde",2022,"Land van Cuijk","Land van Cuijk","Gemeente","GM1982",70.4,46.2,16,14.6,39.5,33.3,17.8,15,7.7,11.4
"158",58,"18 jaar of ouder","Waarde",2022,"Landgraaf","Landgraaf","Gemeente","GM0882",60,36.9,20.9,19.7,48.3,42.5,24.9,19.5,11.2,15.1
"159",59,"18 jaar of ouder","Waarde",2022,"Landsmeer","Landsmeer","Gemeente","GM0415",73.3,47.5,14.2,15.1,38.2,31.8,18.8,14.9,7.9,11.4
"160",60,"18 jaar of ouder","Waarde",2022,"Lansingerland","Lansingerland","Gemeente","GM1621",73.8,45.9,14.7,13.7,44.4,30.4,18.5,14.4,7.8,11.7
"161",61,"18 jaar of ouder","Waarde",2022,"Laren","Laren","Gemeente","GM0417",74.6,49.5,11.5,12.5,36.3,31.9,15.8,12,6,10.6
"162",62,"18 jaar of ouder","Waarde",2022,"Leeuwarden","Leeuwarden","Gemeente","GM0080",69.4,49,15.7,21.9,42.8,32.6,22.3,16.2,10.2,14.5
"163",63,"18 jaar of ouder","Waarde",2022,"Leiden","Leiden","Gemeente","GM0546",69.9,54.2,12.7,19.3,39.3,31.7,26.3,18.4,12.5,16.2
"164",64,"18 jaar of ouder","Waarde",2022,"Leiderdorp","Leiderdorp","Gemeente","GM0547",70.8,49.1,15.2,14.9,42.9,33.5,20.2,15.4,8.8,13.1
"165",65,"18 jaar of ouder","Waarde",2022,"Leidschendam-Voorburg","Leidschendam-Voorburg","Gemeente","GM1916",69.7,47.7,14.8,15.4,44.8,34.2,22.6,16.9,10,15.5
"166",66,"18 jaar of ouder","Waarde",2022,"Lelystad","Lelystad","Gemeente","GM0995",66.7,45.7,18.9,20.9,50.7,34.6,23.6,20.1,11.5,15.9
"167",67,"18 jaar of ouder","Waarde",2022,"Leudal","Leudal","Gemeente","GM1640",69.4,44.3,15.7,14.4,40.2,33.9,18.8,14.7,7.3,11.9
"168",68,"18 jaar of ouder","Waarde",2022,"Leusden","Leusden","Gemeente","GM0327",73.8,48.7,14.2,14.1,43.4,32.2,17.1,13.5,7.3,10.8
"169",69,"18 jaar of ouder","Waarde",2022,"Lingewaard","Lingewaard","Gemeente","GM1705",71.9,48.1,16.2,14.2,39.1,33.5,17,14.2,7.2,10.7
"170",70,"18 jaar of ouder","Waarde",2022,"Lisse","Lisse","Gemeente","GM0553",71.3,47.5,15.6,15.4,40.6,32.7,19.2,15.2,8.3,12.2
"171",71,"18 jaar of ouder","Waarde",2022,"Lochem","Lochem","Gemeente","GM0262",74.1,47.7,15.1,13.4,38.7,32.6,15.2,13.3,6.5,10.2
"172",72,"18 jaar of ouder","Waarde",2022,"Loon op Zand","Loon op Zand","Gemeente","GM0809",69.1,42,18.5,16,39.5,33.6,19.1,15.8,8.2,12.2
"173",73,"18 jaar of ouder","Waarde",2022,"Lopik","Lopik","Gemeente","GM0331",73.7,44.6,15.7,15.1,41.4,29.3,17.5,14.2,7.4,10.5
"174",74,"18 jaar of ouder","Waarde",2022,"Losser","Losser","Gemeente","GM0168",69.4,47.7,20.1,15.3,35,32,20.4,16.5,8.2,12.1
"175",75,"18 jaar of ouder","Waarde",2022,"Maasdriel","Maasdriel","Gemeente","GM0263",71.6,41.7,16.6,16.9,38.5,31.1,18.3,15,7.7,11.9
"176",76,"18 jaar of ouder","Waarde",2022,"Maasgouw","Maasgouw","Gemeente","GM1641",68.2,41.7,16.1,14.8,42.3,35.2,19.3,15.1,7.6,12.2
"177",77,"18 jaar of ouder","Waarde",2022,"Maashorst","Maashorst","Gemeente","GM1991",70.1,45.1,15.9,15.4,38.6,32.8,18.9,15.5,8.5,12.2
"178",78,"18 jaar of ouder","Waarde",2022,"Maassluis","Maassluis","Gemeente","GM0556",65,43.4,19.8,17.7,48.8,35.9,24.9,18.8,11.5,15.8
"179",79,"18 jaar of ouder","Waarde",2022,"Maastricht","Maastricht","Gemeente","GM0935",65.8,47.3,15.7,21.3,40.9,35.9,28.6,19,13.5,18
"180",80,"18 jaar of ouder","Waarde",2022,"Medemblik","Medemblik","Gemeente","GM0420",71.4,49.4,14.9,15.9,36.8,31.5,18.3,14.9,8,11.9
"181",81,"18 jaar of ouder","Waarde",2022,"Meerssen","Meerssen","Gemeente","GM0938",67.7,41.7,17.4,13.9,42.2,35.9,20,14.5,8,12.4
"182",82,"18 jaar of ouder","Waarde",2022,"Meierijstad","Meierijstad","Gemeente","GM1948",70.7,45.2,15.8,15.4,37.9,32.1,18.4,15.3,8.1,12
"183",83,"18 jaar of ouder","Waarde",2022,"Meppel","Meppel","Gemeente","GM0119",70.5,46.9,17.2,18.1,42.5,33,19.5,16.8,9.3,12.6
"184",84,"18 jaar of ouder","Waarde",2022,"Middelburg","Middelburg","Gemeente","GM0687",69.2,50.1,15.7,17.8,48.3,35.9,21.2,17.7,9.3,15.1
"185",85,"18 jaar of ouder","Waarde",2022,"Midden-Delfland","Midden-Delfland","Gemeente","GM1842",73.9,50,14.6,12.9,41.3,30.8,17.9,14,7.4,11.2
"186",86,"18 jaar of ouder","Waarde",2022,"Midden-Drenthe","Midden-Drenthe","Gemeente","GM1731",71.9,46.7,17,16.2,41.5,33.3,16.2,14.6,7,10.6
"187",87,"18 jaar of ouder","Waarde",2022,"Midden-Groningen","Midden-Groningen","Gemeente","GM1952",65.8,42.7,21.4,19.9,47.7,37.7,21.6,18.1,10,14.5
"188",88,"18 jaar of ouder","Waarde",2022,"Moerdijk","Moerdijk","Gemeente","GM1709",68.3,38.2,19.7,17.1,44.2,33.6,19.9,16.7,8.4,13
"189",89,"18 jaar of ouder","Waarde",2022,"Molenlanden","Molenlanden","Gemeente","GM1978",73.2,41.7,16.5,14.8,46.1,29.9,17.4,14.7,7.3,10.3
"190",90,"18 jaar of ouder","Waarde",2022,"Montferland","Montferland","Gemeente","GM1955",69.6,47.5,18.2,15.9,39.2,34.9,18.5,15.6,8.4,12
"191",91,"18 jaar of ouder","Waarde",2022,"Montfoort","Montfoort","Gemeente","GM0335",74,46.6,14.7,14.5,40.1,30.1,17.3,13.6,7.2,10.4
"192",92,"18 jaar of ouder","Waarde",2022,"Mook en Middelaar","Mook en Middelaar","Gemeente","GM0944",71.7,47.6,14.1,12.2,40.3,34.5,16.6,13.7,6.5,10.6
"193",93,"18 jaar of ouder","Waarde",2022,"Neder-Betuwe","Neder-Betuwe","Gemeente","GM1740",72.1,43.4,17.4,17,46.6,30.5,17.9,15.3,7.9,10.9
"194",94,"18 jaar of ouder","Waarde",2022,"Nederweert","Nederweert","Gemeente","GM0946",69.8,45.6,15,13.9,39.8,31.5,17.9,14.6,7.1,11.7
"195",95,"18 jaar of ouder","Waarde",2022,"Nieuwegein","Nieuwegein","Gemeente","GM0356",68.5,45.5,17.3,17.9,46,34.6,22.6,17,10.4,14.8
"196",96,"18 jaar of ouder","Waarde",2022,"Nieuwkoop","Nieuwkoop","Gemeente","GM0569",73.8,45.8,15.2,14.7,39,30.2,17.2,14,7.2,10.6
"197",97,"18 jaar of ouder","Waarde",2022,"Nijkerk","Nijkerk","Gemeente","GM0267",73.3,47,15.5,15.3,42.9,31.3,17.7,14.5,7.8,11
"198",98,"18 jaar of ouder","Waarde",2022,"Nijmegen","Nijmegen","Gemeente","GM0268",68.6,52.6,14.5,19.2,39.8,33.6,25.5,18.7,12.2,15.5
"199",99,"18 jaar of ouder","Waarde",2022,"Nissewaard","Nissewaard","Gemeente","GM1930",66.1,41.6,21.7,19.4,49.7,36,23.8,18.5,11.1,15.6
"200",1,"18 jaar of ouder","Waarde",2022,"Noardeast-Fryslân","Noardeast-Fryslân","Gemeente","GM1970",71.2,43.7,16.6,20,42,32,17.6,16,7.5,11.9
"201",2,"18 jaar of ouder","Waarde",2022,"Noord-Beveland","Noord-Beveland","Gemeente","GM1695",69.6,42.8,17.3,16.4,44.4,36.6,17.8,16.1,7.3,14.2
"202",3,"18 jaar of ouder","Waarde",2022,"Noordenveld","Noordenveld","Gemeente","GM1699",72,47.8,15.8,14.5,43,33.8,15.7,14.1,6.3,10.5
"203",4,"18 jaar of ouder","Waarde",2022,"Noordoostpolder","Noordoostpolder","Gemeente","GM0171",71.2,46,17.3,18.5,44.3,31.8,19.3,16.6,8.9,12.6
"204",5,"18 jaar of ouder","Waarde",2022,"Noordwijk","Noordwijk","Gemeente","GM0575",72.4,50.2,15.4,16.3,37.8,31.4,19.4,15,8.5,12.5
"205",6,"18 jaar of ouder","Waarde",2022,"Nuenen, Gerwen en Nederwetten","Nuenen, Gerwen en Nederwetten","Gemeente","GM0820",72.1,46.1,13.8,12.8,38,32.9,16.7,13.5,6.7,10.7
"206",7,"18 jaar of ouder","Waarde",2022,"Nunspeet","Nunspeet","Gemeente","GM0302",72.8,45.8,15.8,15.7,46.8,31.8,17.2,14.9,7.6,10.6
"207",8,"18 jaar of ouder","Waarde",2022,"Oegstgeest","Oegstgeest","Gemeente","GM0579",74.9,52.5,12.1,12.7,40.5,31.1,18.1,13.5,7.4,11.8
"208",9,"18 jaar of ouder","Waarde",2022,"Oirschot","Oirschot","Gemeente","GM0823",72.5,45.9,14.9,13.6,34.2,30.5,16.5,13.4,6.4,10.5
"209",10,"18 jaar of ouder","Waarde",2022,"Oisterwijk","Oisterwijk","Gemeente","GM0824",71.6,44.7,15.6,14.6,36.4,32.3,17.6,14.1,7,11.3
"210",11,"18 jaar of ouder","Waarde",2022,"Oldambt","Oldambt","Gemeente","GM1895",64.7,41.5,26,21.7,50,38.4,22.8,20.6,10.1,16.6
"211",12,"18 jaar of ouder","Waarde",2022,"Oldebroek","Oldebroek","Gemeente","GM0269",73.2,44.6,16.6,15.8,47.4,31.2,16.8,15.9,7.6,10.5
"212",13,"18 jaar of ouder","Waarde",2022,"Oldenzaal","Oldenzaal","Gemeente","GM0173",70.6,51.3,17.7,16.3,35.6,32.4,18.8,15.7,8.8,12.1
"213",14,"18 jaar of ouder","Waarde",2022,"Olst-Wijhe","Olst-Wijhe","Gemeente","GM1773",73.3,47,16,15.1,39.4,31.5,16.1,14.4,6.9,10.3
"214",15,"18 jaar of ouder","Waarde",2022,"Ommen","Ommen","Gemeente","GM0175",74.8,48.4,15.8,15.2,40.6,30.6,15.8,15.8,7,10.4
"215",16,"18 jaar of ouder","Waarde",2022,"Oost Gelre","Oost Gelre","Gemeente","GM1586",74,49.6,15.9,15,33.8,30.3,15,13.8,7.2,10.1
"216",17,"18 jaar of ouder","Waarde",2022,"Oosterhout","Oosterhout","Gemeente","GM0826",66.9,40.1,19.2,16.6,42.6,35.2,21.9,17.8,9.7,13.8
"217",18,"18 jaar of ouder","Waarde",2022,"Ooststellingwerf","Ooststellingwerf","Gemeente","GM0085",70.6,45.2,17.7,17.2,43,34.2,17.1,15.7,7.4,11.5
"218",19,"18 jaar of ouder","Waarde",2022,"Oostzaan","Oostzaan","Gemeente","GM0431",72.9,48.4,15,14.7,37.5,31.3,18.5,15.1,7.6,11.1
"219",20,"18 jaar of ouder","Waarde",2022,"Opmeer","Opmeer","Gemeente","GM0432",72.9,49.1,13.8,15.2,34.1,29.7,17.2,14.5,7.5,10.7
"220",21,"18 jaar of ouder","Waarde",2022,"Opsterland","Opsterland","Gemeente","GM0086",73.5,45.8,15.8,16.2,41.1,32,16.3,14.7,6.8,10.7
"221",22,"18 jaar of ouder","Waarde",2022,"Oss","Oss","Gemeente","GM0828",68.2,44.1,17.4,17.8,41.1,33.8,21.2,17.2,10,13.7
"222",23,"18 jaar of ouder","Waarde",2022,"Oude IJsselstreek","Oude IJsselstreek","Gemeente","GM1509",69.8,45.8,19,16.3,39,34.1,18.2,16,8.5,12.5
"223",24,"18 jaar of ouder","Waarde",2022,"Ouder-Amstel","Ouder-Amstel","Gemeente","GM0437",72.4,48.8,13.4,15,40.3,31.9,20.9,15.7,8.6,13.4
"224",25,"18 jaar of ouder","Waarde",2022,"Oudewater","Oudewater","Gemeente","GM0589",73.9,46.4,15,14.5,38.7,30.5,17.5,13.7,7.1,10.8
"225",26,"18 jaar of ouder","Waarde",2022,"Overbetuwe","Overbetuwe","Gemeente","GM1734",72.2,46.2,16,14.6,41.3,33,17.6,14.4,7.6,11.1
"226",27,"18 jaar of ouder","Waarde",2022,"Papendrecht","Papendrecht","Gemeente","GM0590",68.3,40.2,18.5,16.6,49.2,34.4,21.3,17.2,9.6,13.7
"227",28,"18 jaar of ouder","Waarde",2022,"Peel en Maas","Peel en Maas","Gemeente","GM1894",70.1,45.3,15.5,14.4,37.5,32.5,18.4,14.9,7.5,11.9
"228",29,"18 jaar of ouder","Waarde",2022,"Pekela","Pekela","Gemeente","GM0765",61.7,40.1,27.2,22.8,49,40,22.8,20.8,11.1,16.7
"229",30,"18 jaar of ouder","Waarde",2022,"Pijnacker-Nootdorp","Pijnacker-Nootdorp","Gemeente","GM1926",73.6,47.4,14.8,13.7,43.9,30.5,19.1,14.5,8.1,12.2
"230",31,"18 jaar of ouder","Waarde",2022,"Purmerend","Purmerend","Gemeente","GM0439",68.1,45.7,17.1,17.8,42.3,33.6,22.3,17,10.3,14.2
"231",32,"18 jaar of ouder","Waarde",2022,"Putten","Putten","Gemeente","GM0273",73.5,46.5,15.3,15.5,46.4,30.8,16.9,14.4,7.4,10.5
"232",33,"18 jaar of ouder","Waarde",2022,"Raalte","Raalte","Gemeente","GM0177",74.1,50.6,15.5,14.7,39.2,30.1,15.7,14.4,6.6,10.1
"233",34,"18 jaar of ouder","Waarde",2022,"Reimerswaal","Reimerswaal","Gemeente","GM0703",69.9,40.9,18.4,18.1,48.7,31,20.4,17.4,9.1,13.6
"234",35,"18 jaar of ouder","Waarde",2022,"Renkum","Renkum","Gemeente","GM0274",71.1,47.5,15.3,13.6,45.7,35.7,17.6,14.6,7.5,11.5
"235",36,"18 jaar of ouder","Waarde",2022,"Renswoude","Renswoude","Gemeente","GM0339",75.1,45.3,14.7,15.7,46.2,27.8,16.5,13.1,7,10
"236",37,"18 jaar of ouder","Waarde",2022,"Reusel-De Mierden","Reusel-De Mierden","Gemeente","GM1667",70.8,45.1,15.9,14.3,36,30.2,17.4,15.1,6.8,11
"237",38,"18 jaar of ouder","Waarde",2022,"Rheden","Rheden","Gemeente","GM0275",67.5,45.6,17.5,17.4,44.4,37.2,20.8,16.8,9.7,13.2
"238",39,"18 jaar of ouder","Waarde",2022,"Rhenen","Rhenen","Gemeente","GM0340",71.9,44.3,16,15.4,49.2,32.7,17.6,15.1,7.8,11.1
"239",40,"18 jaar of ouder","Waarde",2022,"Ridderkerk","Ridderkerk","Gemeente","GM0597",66.8,38.9,19.2,16.9,51.7,35.3,22.1,18.3,10.1,14.6
"240",41,"18 jaar of ouder","Waarde",2022,"Rijssen-Holten","Rijssen-Holten","Gemeente","GM1742",73.9,49,16.5,15.5,40.4,29.4,16.5,14.5,7.2,10.2
"241",42,"18 jaar of ouder","Waarde",2022,"Rijswijk","Rijswijk","Gemeente","GM0603",66.4,43.9,17.2,17.3,48.4,34.7,25.1,19.1,12.5,17.2
"242",43,"18 jaar of ouder","Waarde",2022,"Roerdalen","Roerdalen","Gemeente","GM1669",64.8,40,17.9,16,43.3,37.6,21.2,17,8.9,13
"243",44,"18 jaar of ouder","Waarde",2022,"Roermond","Roermond","Gemeente","GM0957",64.1,42.8,18.3,19.3,46.1,38.2,25.7,19,11.6,16.8
"244",45,"18 jaar of ouder","Waarde",2022,"De Ronde Venen","De Ronde Venen","Gemeente","GM0736",73.3,46.3,14.6,14.7,38.4,31.2,18.4,14.3,7.8,11.6
"245",46,"18 jaar of ouder","Waarde",2022,"Roosendaal","Roosendaal","Gemeente","GM1674",64.4,41.8,19.8,18.2,45.9,35,23.5,18.6,10.6,15.7
"246",47,"18 jaar of ouder","Waarde",2022,"Rotterdam","Rotterdam","Gemeente","GM0599",62.7,44.9,18,22.4,50.8,35.1,30.6,23.2,15.6,20.9
"247",48,"18 jaar of ouder","Waarde",2022,"Rozendaal","Rozendaal","Gemeente","GM0277",79.3,50.9,10.7,9.1,36.3,31.4,11.8,8.9,4.3,7.3
"248",49,"18 jaar of ouder","Waarde",2022,"Rucphen","Rucphen","Gemeente","GM0840",65.6,37.3,20.1,16.7,41.6,33.8,19.8,18.7,8.3,13.2
"249",50,"18 jaar of ouder","Waarde",2022,"Schagen","Schagen","Gemeente","GM0441",71.7,52.3,14.8,15.8,37.6,33.6,18,14.8,7.7,11.4
"250",51,"18 jaar of ouder","Waarde",2022,"Scherpenzeel","Scherpenzeel","Gemeente","GM0279",73.5,45.9,15.6,15.5,46.5,30.2,17.4,14.5,7.3,10.5
"251",52,"18 jaar of ouder","Waarde",2022,"Schiedam","Schiedam","Gemeente","GM0606",64.2,44.9,19.2,21.4,51.4,35.1,28.2,20.9,13.7,19.3
"252",53,"18 jaar of ouder","Waarde",2022,"Schiermonnikoog","Schiermonnikoog","Gemeente","GM0088",70.9,72.5,15.5,21.9,42.3,28.8,19.4,14.9,8.9,13.7
"253",54,"18 jaar of ouder","Waarde",2022,"Schouwen-Duiveland","Schouwen-Duiveland","Gemeente","GM1676",69.9,42.6,17.9,16.1,46.6,35,18,15.7,7.1,13
"254",55,"18 jaar of ouder","Waarde",2022,"Simpelveld","Simpelveld","Gemeente","GM0965",65.6,35,19.6,16.6,44.1,38.7,21.9,15.7,9.4,13.4
"255",56,"18 jaar of ouder","Waarde",2022,"Sint-Michielsgestel","Sint-Michielsgestel","Gemeente","GM0845",73.3,45.9,14.8,13.9,35,31,16.1,13.4,6.5,10.2
"256",57,"18 jaar of ouder","Waarde",2022,"Sittard-Geleen","Sittard-Geleen","Gemeente","GM1883",63.5,39.9,19.5,18.5,46.5,39.1,25.1,18.9,11.6,15.6
"257",58,"18 jaar of ouder","Waarde",2022,"Sliedrecht","Sliedrecht","Gemeente","GM0610",67.9,40.2,18.6,17,51.7,33.7,21.8,17.7,10,13.8
"258",59,"18 jaar of ouder","Waarde",2022,"Sluis","Sluis","Gemeente","GM1714",64.5,41.3,17,16.5,46.4,34.7,18.8,16.4,8.2,15.4
"259",60,"18 jaar of ouder","Waarde",2022,"Smallingerland","Smallingerland","Gemeente","GM0090",69.8,45.2,17.7,19.1,43.8,33.7,19.5,16.4,8.8,12.8
"260",61,"18 jaar of ouder","Waarde",2022,"Soest","Soest","Gemeente","GM0342",71.6,48.4,14.9,15.7,42.5,33,19.6,15.4,8.8,12.6
"261",62,"18 jaar of ouder","Waarde",2022,"Someren","Someren","Gemeente","GM0847",71,44.5,14.9,14.6,37.2,31.5,17.9,14.6,7.4,11.1
"262",63,"18 jaar of ouder","Waarde",2022,"Son en Breugel","Son en Breugel","Gemeente","GM0848",72.5,44.7,14.5,13.3,38,31.4,17.2,13.7,6.9,11
"263",64,"18 jaar of ouder","Waarde",2022,"Stadskanaal","Stadskanaal","Gemeente","GM0037",64.1,39.5,24.1,20.4,48,38.6,21.4,19.2,10.1,14.5
"264",65,"18 jaar of ouder","Waarde",2022,"Staphorst","Staphorst","Gemeente","GM0180",76.1,46.8,13.9,15.3,41.4,26.2,15.4,16.5,6.5,9.3
"265",66,"18 jaar of ouder","Waarde",2022,"Stede Broec","Stede Broec","Gemeente","GM0532",69.5,50.1,16.4,16.6,38.8,33.1,19.6,16.1,8.5,13.1
"266",67,"18 jaar of ouder","Waarde",2022,"Steenbergen","Steenbergen","Gemeente","GM0851",67.8,36.6,20.3,17.8,45.1,33.7,20.3,16.6,8.6,13.8
"267",68,"18 jaar of ouder","Waarde",2022,"Steenwijkerland","Steenwijkerland","Gemeente","GM1708",71,44.7,17.4,17.9,42.6,33,17.7,15.8,8,11.4
"268",69,"18 jaar of ouder","Waarde",2022,"Stein","Stein","Gemeente","GM0971",65.1,41.2,18.5,15.1,45.9,37.3,21.2,16.1,8.9,13.2
"269",70,"18 jaar of ouder","Waarde",2022,"Stichtse Vecht","Stichtse Vecht","Gemeente","GM1904",72.5,46.6,15.3,15.5,40.3,32.2,19.1,14.6,8.2,12.1
"270",71,"18 jaar of ouder","Waarde",2022,"Súdwest-Fryslân","Súdwest-Fryslân","Gemeente","GM1900",70.9,49.4,16,17.4,40.7,33.3,17.8,15.2,7.9,11.7
"271",72,"18 jaar of ouder","Waarde",2022,"Terneuzen","Terneuzen","Gemeente","GM0715",66.3,42.3,18.4,18.1,44.3,34,21.1,17.5,8.8,16.4
"272",73,"18 jaar of ouder","Waarde",2022,"Terschelling","Terschelling","Gemeente","GM0093",73,64.3,15,18.9,35.5,30.5,17.3,14,7.3,13.8
"273",74,"18 jaar of ouder","Waarde",2022,"Texel","Texel","Gemeente","GM0448",72.2,55,14.8,16.5,40.8,32.1,18,15.7,7.6,12.4
"274",75,"18 jaar of ouder","Waarde",2022,"Teylingen","Teylingen","Gemeente","GM1525",73.6,49.9,15,14.9,39.2,30.6,18.6,14.5,8.1,11.6
"275",76,"18 jaar of ouder","Waarde",2022,"Tholen","Tholen","Gemeente","GM0716",69.8,38.4,19.8,18,48.2,32.5,20.1,17,8.7,13.5
"276",77,"18 jaar of ouder","Waarde",2022,"Tiel","Tiel","Gemeente","GM0281",66.5,43.6,18.8,19.7,48.9,34.6,23.4,18.9,11.3,15.4
"277",78,"18 jaar of ouder","Waarde",2022,"Tilburg","Tilburg","Gemeente","GM0855",66.5,45.2,18.1,21.5,40.2,33.5,26.1,19,12.2,16.2
"278",79,"18 jaar of ouder","Waarde",2022,"Tubbergen","Tubbergen","Gemeente","GM0183",75.4,47.8,15,14.4,33.5,28.4,14.8,14,6,9.1
"279",80,"18 jaar of ouder","Waarde",2022,"Twenterand","Twenterand","Gemeente","GM1700",71.8,46.5,18.9,17.5,40.3,31.9,16.8,16.5,7.9,10.7
"280",81,"18 jaar of ouder","Waarde",2022,"Tynaarlo","Tynaarlo","Gemeente","GM1730",74,50.1,14.7,13.3,41.8,32.7,15.1,13,5.9,9.7
"281",82,"18 jaar of ouder","Waarde",2022,"Tytsjerksteradiel","Tytsjerksteradiel","Gemeente","GM0737",72.8,44.9,15.6,16.8,43,32.1,16.4,14.4,6.7,10.7
"282",83,"18 jaar of ouder","Waarde",2022,"Uitgeest","Uitgeest","Gemeente","GM0450",73.7,53.6,13.8,13.4,36.2,30.3,17.8,13.9,7.7,11
"283",84,"18 jaar of ouder","Waarde",2022,"Uithoorn","Uithoorn","Gemeente","GM0451",71,45.8,15.8,16.5,42.8,31.6,21.5,16.3,9.5,14.2
"284",85,"18 jaar of ouder","Waarde",2022,"Urk","Urk","Gemeente","GM0184",74.8,49.6,16.5,17.9,51.7,26.6,16.9,15.9,7.8,9.8
"285",86,"18 jaar of ouder","Waarde",2022,"Utrecht","Utrecht","Gemeente","GM0344",71.8,54,12.3,19.5,38.6,29.8,27,18.3,12.6,15.6
"286",87,"18 jaar of ouder","Waarde",2022,"Utrechtse Heuvelrug","Utrechtse Heuvelrug","Gemeente","GM1581",72.9,47,14.3,13.8,44.9,33.1,17.3,13.8,7.2,10.9
"287",88,"18 jaar of ouder","Waarde",2022,"Vaals","Vaals","Gemeente","GM0981",62.8,37.2,17.9,19.8,44.2,40.9,24.8,18.3,11.4,16.5
"288",89,"18 jaar of ouder","Waarde",2022,"Valkenburg aan de Geul","Valkenburg aan de Geul","Gemeente","GM0994",66.4,38.3,17,15.3,43.3,37.2,21.5,15.7,8.9,13.6
"289",90,"18 jaar of ouder","Waarde",2022,"Valkenswaard","Valkenswaard","Gemeente","GM0858",67.4,43.9,17.3,16,39.3,34.8,20.3,16.1,8.7,13.2
"290",91,"18 jaar of ouder","Waarde",2022,"Veendam","Veendam","Gemeente","GM0047",64.5,41.3,24.2,19.9,48.5,38.2,22.2,18.4,11,14.9
"291",92,"18 jaar of ouder","Waarde",2022,"Veenendaal","Veenendaal","Gemeente","GM0345",69.6,46.3,17,17.3,50.1,33.5,20.8,16.9,9.9,12.9
"292",93,"18 jaar of ouder","Waarde",2022,"Veere","Veere","Gemeente","GM0717",75,51,13,13.5,47.4,32.7,14.8,12.8,5.7,10.7
"293",94,"18 jaar of ouder","Waarde",2022,"Veldhoven","Veldhoven","Gemeente","GM0861",69.8,44.9,15.7,14.7,40.6,32.9,19.6,15.3,8.3,13.2
"294",95,"18 jaar of ouder","Waarde",2022,"Velsen","Velsen","Gemeente","GM0453",68.7,48.1,16.7,17.7,40.4,33.4,21.2,16.9,10.1,13.8
"295",96,"18 jaar of ouder","Waarde",2022,"Venlo","Venlo","Gemeente","GM0983",65.2,44.8,19,19.5,41.9,38,23.7,18.4,11,15.9
"296",97,"18 jaar of ouder","Waarde",2022,"Venray","Venray","Gemeente","GM0984",68.5,44.7,16.7,16.5,41.4,34.4,20.5,16.4,9,13.3
"297",98,"18 jaar of ouder","Waarde",2022,"Vijfheerenlanden","Vijfheerenlanden","Gemeente","GM1961",70.1,43.1,17.5,16.7,46.5,32.4,19.9,16.5,9.1,12.5
"298",99,"18 jaar of ouder","Waarde",2022,"Vlaardingen","Vlaardingen","Gemeente","GM0622",64.3,44.3,19.8,20.1,51.4,36.2,26.9,20.3,12.8,17.6
"299",100,"18 jaar of ouder","Waarde",2022,"Vlieland","Vlieland","Gemeente","GM0096",75.1,72.6,17.7,19.8,30.1,30.1,17.3,14.2,9,14.2
"300",1,"18 jaar of ouder","Waarde",2022,"Vlissingen","Vlissingen","Gemeente","GM0718",65.7,46.9,18,19.7,47.6,38.4,22.6,18.6,10.2,17.5
"301",2,"18 jaar of ouder","Waarde",2022,"Voerendaal","Voerendaal","Gemeente","GM0986",67.7,37.5,16.6,14.3,45.7,36.7,19.9,14.8,8.5,12.4
"302",3,"18 jaar of ouder","Waarde",2022,"Voorschoten","Voorschoten","Gemeente","GM0626",72.2,50,13.7,13.5,42.7,33.3,18.8,14.5,8,12.5
"303",4,"18 jaar of ouder","Waarde",2022,"Voorst","Voorst","Gemeente","GM0285",73.1,47.6,15.1,13.6,40.4,32.5,15.6,13.9,6.7,9.8
"304",5,"18 jaar of ouder","Waarde",2022,"Vught","Vught","Gemeente","GM0865",72.5,46.1,14.7,14.7,35.9,32.2,17.7,13.8,7.3,11.3
"305",6,"18 jaar of ouder","Waarde",2022,"Waadhoeke","Waadhoeke","Gemeente","GM1949",70.9,48.4,17.2,19.5,41.7,33.4,17.1,14.9,7.7,11.9
"306",7,"18 jaar of ouder","Waarde",2022,"Waalre","Waalre","Gemeente","GM0866",71.9,47.2,14.2,12.6,37.8,32.3,17.4,13.6,6.7,11.7
"307",8,"18 jaar of ouder","Waarde",2022,"Waalwijk","Waalwijk","Gemeente","GM0867",67.9,40.2,18.4,18.1,42.2,33.8,21.4,17.5,9.7,14.1
"308",9,"18 jaar of ouder","Waarde",2022,"Waddinxveen","Waddinxveen","Gemeente","GM0627",70.9,43.9,17.2,16,48.6,32.1,20.4,15.9,9.1,12.7
"309",10,"18 jaar of ouder","Waarde",2022,"Wageningen","Wageningen","Gemeente","GM0289",72,55.6,12.4,17.8,43.2,31.3,25.4,18.2,11.9,15.6
"310",11,"18 jaar of ouder","Waarde",2022,"Wassenaar","Wassenaar","Gemeente","GM0629",71.8,50.6,14,14.2,42.3,32.7,19.2,14.6,8.2,13.7
"311",12,"18 jaar of ouder","Waarde",2022,"Waterland","Waterland","Gemeente","GM0852",72.9,46,14.5,14.1,36.3,31.8,17.7,14.1,7,10.9
"312",13,"18 jaar of ouder","Waarde",2022,"Weert","Weert","Gemeente","GM0988",67.3,44.2,16.6,16.1,43.1,34.1,21.7,16.7,9.3,14.4
"313",14,"18 jaar of ouder","Waarde",2022,"Weesp","Weesp","Gemeente","GM0457",71.2,47.6,14.7,16.2,41.6,32.3,22.7,16.9,9.7,14.1
"314",15,"18 jaar of ouder","Waarde",2022,"West Betuwe","West Betuwe","Gemeente","GM1960",72.7,43.8,16.2,15.4,43.5,30.8,17.3,14.4,7.3,10.5
"315",16,"18 jaar of ouder","Waarde",2022,"West Maas en Waal","West Maas en Waal","Gemeente","GM0668",71.3,43.6,16.5,15.3,40.3,31.9,17.2,14.7,7.3,10.7
"316",17,"18 jaar of ouder","Waarde",2022,"Westerkwartier","Westerkwartier","Gemeente","GM1969",73.5,46.1,16.2,16.9,41.7,31.8,16.4,14.5,6.8,10.6
"317",18,"18 jaar of ouder","Waarde",2022,"Westerveld","Westerveld","Gemeente","GM1701",72.7,46,16.1,14.5,42.3,34,15.1,14,6.1,10
"318",19,"18 jaar of ouder","Waarde",2022,"Westervoort","Westervoort","Gemeente","GM0293",68.3,46.2,19.4,17.3,43.2,36.3,19.9,16.7,9.3,13.1
"319",20,"18 jaar of ouder","Waarde",2022,"Westerwolde","Westerwolde","Gemeente","GM1950",67.9,41.1,22.2,19.3,47.4,38.3,19.7,17.3,8.4,13.8
"320",21,"18 jaar of ouder","Waarde",2022,"Westland","Westland","Gemeente","GM1783",71.8,48.4,16.1,16.1,42.4,31.6,19.2,15.2,8.4,12.6
"321",22,"18 jaar of ouder","Waarde",2022,"Weststellingwerf","Weststellingwerf","Gemeente","GM0098",70.2,44.4,17.7,17.3,43.4,33.8,17.5,16.1,7.7,11.6
"322",23,"18 jaar of ouder","Waarde",2022,"Westvoorne","Westvoorne","Gemeente","GM0614",72.1,46.4,17.3,14.5,44.1,34,16.1,13.7,6.5,11.8
"323",24,"18 jaar of ouder","Waarde",2022,"Wierden","Wierden","Gemeente","GM0189",74.5,48.6,16.1,14.7,38.3,30.5,15,13.3,6.5,9.7
"324",25,"18 jaar of ouder","Waarde",2022,"Wijchen","Wijchen","Gemeente","GM0296",70.2,46.3,16.1,14.7,40.3,33.9,18.3,15.3,8.1,11.8
"325",26,"18 jaar of ouder","Waarde",2022,"Wijdemeren","Wijdemeren","Gemeente","GM1696",73.8,47.2,14.3,14.3,36.7,31.3,17.2,13.2,6.9,10.6
"326",27,"18 jaar of ouder","Waarde",2022,"Wijk bij Duurstede","Wijk bij Duurstede","Gemeente","GM0352",72.6,46.3,16.3,15.4,43.8,33.2,17.8,14.2,7.7,11
"327",28,"18 jaar of ouder","Waarde",2022,"Winterswijk","Winterswijk","Gemeente","GM0294",70.6,51.5,18.2,16.1,39.1,33.4,18.7,16.2,8.7,12.5
"328",29,"18 jaar of ouder","Waarde",2022,"Woensdrecht","Woensdrecht","Gemeente","GM0873",67.6,39.9,18.9,16.4,41.5,33.5,19.9,16.7,8.4,13.3
"329",30,"18 jaar of ouder","Waarde",2022,"Woerden","Woerden","Gemeente","GM0632",72.9,46.9,15,14.9,41.2,31.6,19.2,14.7,8.4,11.8
"330",31,"18 jaar of ouder","Waarde",2022,"De Wolden","De Wolden","Gemeente","GM1690",74.2,45.9,15.4,14.8,40.2,31.4,15,14.3,6.1,9.6
"331",32,"18 jaar of ouder","Waarde",2022,"Wormerland","Wormerland","Gemeente","GM0880",70.4,47.8,15.7,15.3,39.7,32.6,20.1,15.3,8.8,11.9
"332",33,"18 jaar of ouder","Waarde",2022,"Woudenberg","Woudenberg","Gemeente","GM0351",74.1,47.4,14.9,14.5,45.9,30.5,17,14,7.3,10.4
"333",34,"18 jaar of ouder","Waarde",2022,"Zaanstad","Zaanstad","Gemeente","GM0479",66.2,45.9,17.7,19.3,45.7,33.5,25.4,19.2,12.3,16
"334",35,"18 jaar of ouder","Waarde",2022,"Zaltbommel","Zaltbommel","Gemeente","GM0297",71.4,42.1,16.5,16.3,45.5,31.1,19.1,15.8,8.3,11.8
"335",36,"18 jaar of ouder","Waarde",2022,"Zandvoort","Zandvoort","Gemeente","GM0473",68.2,47.1,15.7,18.1,38.8,34.9,21,16.2,9.9,14.4
"336",37,"18 jaar of ouder","Waarde",2022,"Zeewolde","Zeewolde","Gemeente","GM0050",72.8,46.2,16.4,17.7,43.7,31.6,19.4,14.9,8.6,12.2
"337",38,"18 jaar of ouder","Waarde",2022,"Zeist","Zeist","Gemeente","GM0355",71.5,48.8,14.1,15.8,44.4,33.1,21.4,16.1,9.5,13.1
"338",39,"18 jaar of ouder","Waarde",2022,"Zevenaar","Zevenaar","Gemeente","GM0299",68.2,46.3,18.8,16.9,40.8,35.9,19.5,15.9,9,12.5
"339",40,"18 jaar of ouder","Waarde",2022,"Zoetermeer","Zoetermeer","Gemeente","GM0637",66.7,42.6,18.2,17.8,49.9,35.2,23.4,17.9,11.1,15.7
"340",41,"18 jaar of ouder","Waarde",2022,"Zoeterwoude","Zoeterwoude","Gemeente","GM0638",74.4,50,14.1,13.5,38.9,30.4,17.5,13.8,7.1,10.9
"341",42,"18 jaar of ouder","Waarde",2022,"Zuidplas","Zuidplas","Gemeente","GM1892",72.3,43,16.4,15,46.9,31.7,19.1,15.3,8.3,12
"342",43,"18 jaar of ouder","Waarde",2022,"Zundert","Zundert","Gemeente","GM0879",69.2,40.4,17.2,14.9,37.2,31,18.5,16,7.4,11.9
"343",44,"18 jaar of ouder","Waarde",2022,"Zutphen","Zutphen","Gemeente","GM0301",69.3,47.2,17.8,18,42.3,37.1,20.5,16.6,10.1,13.3
"344",45,"18 jaar of ouder","Waarde",2022,"Zwartewaterland","Zwartewaterland","Gemeente","GM1896",72.7,45.5,17.3,17.1,42.4,29.8,16.6,17.1,7.3,10.5
"345",46,"18 jaar of ouder","Waarde",2022,"Zwijndrecht","Zwijndrecht","Gemeente","GM0642",65.6,39.5,19.9,18.1,51.6,35.6,23.9,19,11.1,15.5
"346",47,"18 jaar of ouder","Waarde",2022,"Zwolle","Zwolle","Gemeente","GM0193",71.5,50.4,15.6,18.9,42.1,31.2,21.6,18.3,10.3,13.5
