"","X","Leeftijd","Marges","Perioden","Wijken.en.buurten","Regioaanduiding.Gemeentenaam..naam.","Regioaanduiding.Soort.regio..omschrijving.","Regioaanduiding.Codering..code.","Ervaren.gezondheid..goed.zeer.goed.....","Bewegen.Voldoet.aan.beweegrichtlijn....","Onder..en.overgewicht.Mate.van.overgewicht.Ernstig.overgewicht....","Roker....","Alcoholgebruik.Voldoet.aan.alcohol.richtlijn....","Lichamelijke.gezondheid.Eén.of.meer.langdurige.aandoeningen....","Psychische.klachten....","Veerkracht..Zeer..lage.veerkracht....","Hoog.risico.op.angst.of.depressie....","Eenzaamheid.Ernstig.zeer.ernstig.eenzaam...."
"1",1,"18 jaar of ouder","Waarde",2020,"Nederland","Nederland                               ","Land      ","NL01                ",78.4,"    49.9",15.6,18,43.8,32.6,"       .","       .",6.8,11.3
"2",2,"18 jaar of ouder","Waarde",2020,"Aa en Hunze","Aa en Hunze                             ","Gemeente  ","GM1680              ",80.3,"    47.5",15.8,15.2,43.3,33.9,"       .","       .",3.7,8
"3",3,"18 jaar of ouder","Waarde",2020,"Aalsmeer","Aalsmeer                                ","Gemeente  ","GM0358              ",82.3,"    48.5",13.7,14.4,39.6,28.6,"       .","       .",4.9,9.2
"4",4,"18 jaar of ouder","Waarde",2020,"Aalten","Aalten                                  ","Gemeente  ","GM0197              ",79.7,"    54.5",17.1,16.2,38.8,33.2,"       .","       .",5.4,9.5
"5",5,"18 jaar of ouder","Waarde",2020,"Achtkarspelen","Achtkarspelen                           ","Gemeente  ","GM0059              ",79.5,"    47.3",16.6,18.6,41.5,33.6,"       .","       .",4.6,8.5
"6",6,"18 jaar of ouder","Waarde",2020,"Alblasserdam","Alblasserdam                            ","Gemeente  ","GM0482              ",77.5,"    43.1",17.6,15.7,53.5,32.6,"       .","       .",6.5,10.4
"7",7,"18 jaar of ouder","Waarde",2020,"Albrandswaard","Albrandswaard                           ","Gemeente  ","GM0613              ",80.5,"    44.9",16.3,14.2,46.4,30.7,"       .","       .",5.5,9.9
"8",8,"18 jaar of ouder","Waarde",2020,"Alkmaar","Alkmaar                                 ","Gemeente  ","GM0361              ",78.4,"    54.7",14.9,18,41.4,33.5,"       .","       .",6.9,11
"9",9,"18 jaar of ouder","Waarde",2020,"Almelo","Almelo                                  ","Gemeente  ","GM0141              ",76.7,"    48.5",19.7,22,44.9,34.1,"       .","       .",7.7,13.2
"10",10,"18 jaar of ouder","Waarde",2020,"Almere","Almere                                  ","Gemeente  ","GM0034              ",78.5,"    46.8",16.4,19.1,49.6,31.6,"       .","       .",7.6,12
"11",11,"18 jaar of ouder","Waarde",2020,"Alphen aan den Rijn","Alphen aan den Rijn                     ","Gemeente  ","GM0484              ",80.8,"    48.4",15.2,16.1,44.3,32.1,"       .","       .",5.9,10
"12",12,"18 jaar of ouder","Waarde",2020,"Alphen-Chaam","Alphen-Chaam                            ","Gemeente  ","GM1723              ",80.7,"    49.9",13.7,12,37,29.3,"       .","       .",4.2,8.9
"13",13,"18 jaar of ouder","Waarde",2020,"Altena","Altena                                  ","Gemeente  ","GM1959              ",80.3,"    44.7",16.4,15.5,47.5,30.5,"       .","       .",4.9,8.5
"14",14,"18 jaar of ouder","Waarde",2020,"Ameland","Ameland                                 ","Gemeente  ","GM0060              ",81.6,"    62.4",14,19.2,37.6,30.9,"       .","       .",4,6.8
"15",15,"18 jaar of ouder","Waarde",2020,"Amersfoort","Amersfoort                              ","Gemeente  ","GM0307              ",80.3,"       .",13.6,17.6,44.6,31.4,"       .","       .",6.7,10.5
"16",16,"18 jaar of ouder","Waarde",2020,"Amstelveen","Amstelveen                              ","Gemeente  ","GM0362              ",80.5,"    48.9",12.7,15,45.2,28.9,"       .","       .",6.2,12.2
"17",17,"18 jaar of ouder","Waarde",2020,"Amsterdam","Amsterdam                               ","Gemeente  ","GM0363              ",78.2,"    55.8",12.5,23,41.8,29.8,"       .","       .",9.4,14.9
"18",18,"18 jaar of ouder","Waarde",2020,"Apeldoorn","Apeldoorn                               ","Gemeente  ","GM0200              ",79.2,"    50.5",16.4,18.3,45.1,34,"       .","       .",6.7,10.7
"19",19,"18 jaar of ouder","Waarde",2020,"Arnhem","Arnhem                                  ","Gemeente  ","GM0202              ",76.6,"    52.8",16.3,22.7,43.6,34.4,"       .","       .",9.7,14
"20",20,"18 jaar of ouder","Waarde",2020,"Assen","Assen                                   ","Gemeente  ","GM0106              ",78.1,"    49.2",17.1,18.7,44.8,35,"       .","       .",5.5,10.2
"21",21,"18 jaar of ouder","Waarde",2020,"Asten","Asten                                   ","Gemeente  ","GM0743              ",79.3,"    51.3",14.1,14.6,38.4,31.5,"       .","       .",5.6,9.6
"22",22,"18 jaar of ouder","Waarde",2020,"Baarle-Nassau","Baarle-Nassau                           ","Gemeente  ","GM0744              ",77,"    47.8",16.7,13.7,40,31.7,"       .","       .",4.9,10.3
"23",23,"18 jaar of ouder","Waarde",2020,"Baarn","Baarn                                   ","Gemeente  ","GM0308              ",80.4,"       .",13.5,15.5,42,33.2,"       .","       .",5.4,9.6
"24",24,"18 jaar of ouder","Waarde",2020,"Barendrecht","Barendrecht                             ","Gemeente  ","GM0489              ",80.5,"    42.9",16.6,14.1,50.8,30.5,"       .","       .",5.7,10
"25",25,"18 jaar of ouder","Waarde",2020,"Barneveld","Barneveld                               ","Gemeente  ","GM0203              ",82.6,"    52.3",14.1,15.9,46.2,29.6,"       .","       .",5.2,8.6
"26",26,"18 jaar of ouder","Waarde",2020,"Beek","Beek                                    ","Gemeente  ","GM0888              ",74.2,"    45.5",17.1,16.7,45.8,36.9,"       .","       .",6.9,11.9
"27",27,"18 jaar of ouder","Waarde",2020,"Beekdaelen","Beekdaelen                              ","Gemeente  ","GM1954              ",73.9,"    43.3",17.6,16.8,44.4,37.6,"       .","       .",7,11.5
"28",28,"18 jaar of ouder","Waarde",2020,"Beesel","Beesel                                  ","Gemeente  ","GM0889              ",75.5,"    52.8",17.8,17,43.2,36.4,"       .","       .",6,10.7
"29",29,"18 jaar of ouder","Waarde",2020,"Berg en Dal","Berg en Dal                             ","Gemeente  ","GM1945              ",75.8,"    50.1",16.3,16.2,40,35.3,"       .","       .",5.8,10
"30",30,"18 jaar of ouder","Waarde",2020,"Bergeijk","Bergeijk                                ","Gemeente  ","GM1724              ",79.9,"    49.5",14.7,13.7,37.9,29.6,"       .","       .",4.6,9.2
"31",31,"18 jaar of ouder","Waarde",2020,"Bergen (L.)","Bergen (L.)                             ","Gemeente  ","GM0893              ",76.7,"    51.3",17.3,16.5,39.9,34.5,"       .","       .",5.2,9.6
"32",32,"18 jaar of ouder","Waarde",2020,"Bergen (NH.)","Bergen (NH.)                            ","Gemeente  ","GM0373              ",80.1,"    56.3",11.2,13,39.1,32.8,"       .","       .",4,8.3
"33",33,"18 jaar of ouder","Waarde",2020,"Bergen op Zoom","Bergen op Zoom                          ","Gemeente  ","GM0748              ",75.1,"    47.5",18.2,18.1,46.9,33.9,"       .","       .",7.9,12.9
"34",34,"18 jaar of ouder","Waarde",2020,"Berkelland","Berkelland                              ","Gemeente  ","GM1859              ",81.2,"    53.6",16.3,15.3,35.9,32,"       .","       .",4.4,8.8
"35",35,"18 jaar of ouder","Waarde",2020,"Bernheze","Bernheze                                ","Gemeente  ","GM1721              ",80.5,"    50.1",14.1,14.3,37.1,30.1,"       .","       .",5.1,8.8
"36",36,"18 jaar of ouder","Waarde",2020,"Best","Best                                    ","Gemeente  ","GM0753              ",79.5,"    49.6",14.9,14.3,39.6,31.1,"       .","       .",6.2,10.5
"37",37,"18 jaar of ouder","Waarde",2020,"Beuningen","Beuningen                               ","Gemeente  ","GM0209              ",77.2,"    49.2",15.8,16.1,39.3,34.1,"       .","       .",5.6,9.4
"38",38,"18 jaar of ouder","Waarde",2020,"Beverwijk","Beverwijk                               ","Gemeente  ","GM0375              ",75.7,"    54.9",17.6,19.5,42.8,34.1,"       .","       .",7.3,12.2
"39",39,"18 jaar of ouder","Waarde",2020,"De Bilt","De Bilt                                 ","Gemeente  ","GM0310              ",80.5,"       .",11.8,14,42.9,32.8,"       .","       .",5.2,9.1
"40",40,"18 jaar of ouder","Waarde",2020,"Bladel","Bladel                                  ","Gemeente  ","GM1728              ",80.2,"    50.9",14.8,12.6,37.5,29.7,"       .","       .",4.8,9.2
"41",41,"18 jaar of ouder","Waarde",2020,"Blaricum","Blaricum                                ","Gemeente  ","GM0376              ",82.9,"    49.0",11.7,13.3,38.7,31.4,"       .","       .",4.3,8.2
"42",42,"18 jaar of ouder","Waarde",2020,"Bloemendaal","Bloemendaal                             ","Gemeente  ","GM0377              ",83.6,"    60.6",9.8,11.1,34.2,30.5,"       .","       .",3.7,7.7
"43",43,"18 jaar of ouder","Waarde",2020,"Bodegraven-Reeuwijk","Bodegraven-Reeuwijk                     ","Gemeente  ","GM1901              ",82.7,"    48.7",13.8,13.8,45.1,30.7,"       .","       .",4.9,8.4
"44",44,"18 jaar of ouder","Waarde",2020,"Boekel","Boekel                                  ","Gemeente  ","GM0755              ",81.1,"    52.4",13.8,13.7,35.3,29.1,"       .","       .",4.8,8.4
"45",45,"18 jaar of ouder","Waarde",2020,"Borger-Odoorn","Borger-Odoorn                           ","Gemeente  ","GM1681              ",78.2,"    44.2",18.5,17.5,44.8,35.1,"       .","       .",4.7,8.8
"46",46,"18 jaar of ouder","Waarde",2020,"Borne","Borne                                   ","Gemeente  ","GM0147              ",81.7,"    54.6",16,15.8,37.6,30.8,"       .","       .",4.5,9.2
"47",47,"18 jaar of ouder","Waarde",2020,"Borsele","Borsele                                 ","Gemeente  ","GM0654              ",78.2,"    47.2",15.3,15.8,48.2,32.4,"       .","       .",4.8,9.9
"48",48,"18 jaar of ouder","Waarde",2020,"Boxtel","Boxtel                                  ","Gemeente  ","GM0757              ",78.5,"    51.0",15.4,16.1,38.8,32,"       .","       .",6.2,10.4
"49",49,"18 jaar of ouder","Waarde",2020,"Breda","Breda                                   ","Gemeente  ","GM0758              ",78.5,"    50.0",15,17.8,39.5,31.1,"       .","       .",7.6,11.7
"50",50,"18 jaar of ouder","Waarde",2020,"Brielle","Brielle                                 ","Gemeente  ","GM0501              ",79,"    44.8",16.9,16.1,41.1,32.2,"       .","       .",5.4,9.8
"51",51,"18 jaar of ouder","Waarde",2020,"Bronckhorst","Bronckhorst                             ","Gemeente  ","GM1876              ",81.4,"    52.8",15.1,14.2,38.5,33,"       .","       .",4.4,8.1
"52",52,"18 jaar of ouder","Waarde",2020,"Brummen","Brummen                                 ","Gemeente  ","GM0213              ",80.1,"    51.5",16.9,16.2,42.7,33.6,"       .","       .",6,9.4
"53",53,"18 jaar of ouder","Waarde",2020,"Brunssum","Brunssum                                ","Gemeente  ","GM0899              ",69.1,"    39.1",21.7,21.8,50,43.4,"       .","       .",9.9,14.8
"54",54,"18 jaar of ouder","Waarde",2020,"Bunnik","Bunnik                                  ","Gemeente  ","GM0312              ",82.3,"       .",11.3,12.1,44.5,31.2,"       .","       .",4,7.8
"55",55,"18 jaar of ouder","Waarde",2020,"Bunschoten","Bunschoten                              ","Gemeente  ","GM0313              ",83,"       .",13.9,16.2,39.6,29.2,"       .","       .",5,8.3
"56",56,"18 jaar of ouder","Waarde",2020,"Buren","Buren                                   ","Gemeente  ","GM0214              ",79.9,"    45.7",15.9,16.6,45.4,31.9,"       .","       .",4.5,7.9
"57",57,"18 jaar of ouder","Waarde",2020,"Capelle aan den IJssel","Capelle aan den IJssel                  ","Gemeente  ","GM0502              ",76.7,"    41.9",17.7,17.5,51.1,33.7,"       .","       .",7.4,12.8
"58",58,"18 jaar of ouder","Waarde",2020,"Castricum","Castricum                               ","Gemeente  ","GM0383              ",82.1,"    58.3",11.5,12.6,36.9,31.3,"       .","       .",4.2,7.8
"59",59,"18 jaar of ouder","Waarde",2020,"Coevorden","Coevorden                               ","Gemeente  ","GM0109              ",78.5,"    46.9",18.3,18.1,40.3,34.8,"       .","       .",4.9,9.4
"60",60,"18 jaar of ouder","Waarde",2020,"Cranendonck","Cranendonck                             ","Gemeente  ","GM1706              ",78.3,"    50.5",14.9,15,39.7,32,"       .","       .",5.6,10.2
"61",61,"18 jaar of ouder","Waarde",2020,"Culemborg","Culemborg                               ","Gemeente  ","GM0216              ",77.5,"    49.6",15.6,16,49.6,33.4,"       .","       .",6.4,10.4
"62",62,"18 jaar of ouder","Waarde",2020,"Dalfsen","Dalfsen                                 ","Gemeente  ","GM0148              ",83.4,"    50.8",14.8,14.4,40.5,29.8,"       .","       .",3.7,7.9
"63",63,"18 jaar of ouder","Waarde",2020,"Dantumadiel","Dantumadiel                             ","Gemeente  ","GM1891              ",79.8,"    46.6",15.9,17.4,43.3,34.3,"       .","       .",4.4,7.7
"64",64,"18 jaar of ouder","Waarde",2020,"Delft","Delft                                   ","Gemeente  ","GM0503              ",78.8,"    51.9",13.1,17.7,44.4,30,"       .","       .",8.4,13.8
"65",65,"18 jaar of ouder","Waarde",2020,"Deurne","Deurne                                  ","Gemeente  ","GM0762              ",78.4,"    51.1",15,14.8,38.5,32,"       .","       .",5.6,9.5
"66",66,"18 jaar of ouder","Waarde",2020,"Deventer","Deventer                                ","Gemeente  ","GM0150              ",78.8,"    50.7",16.8,20,43.3,33.8,"       .","       .",7.9,11.8
"67",67,"18 jaar of ouder","Waarde",2020,"Diemen","Diemen                                  ","Gemeente  ","GM0384              ",80.6,"    49.4",13,18.7,43.3,29,"       .","       .",7.7,13.1
"68",68,"18 jaar of ouder","Waarde",2020,"Dijk en Waard","Dijk en Waard                           ","Gemeente  ","GM1980              ",80.5,"    54.5",14.4,16.2,40.1,31.4,"       .","       .",5.8,9.3
"69",69,"18 jaar of ouder","Waarde",2020,"Dinkelland","Dinkelland                              ","Gemeente  ","GM1774              ",83.2,"    55.1",13.6,14.7,32.7,27.5,"       .","       .",3.8,7.5
"70",70,"18 jaar of ouder","Waarde",2020,"Doesburg","Doesburg                                ","Gemeente  ","GM0221              ",75,"    50.0",18.6,18.9,44.4,38.2,"       .","       .",7.9,12.2
"71",71,"18 jaar of ouder","Waarde",2020,"Doetinchem","Doetinchem                              ","Gemeente  ","GM0222              ",78.8,"    52.6",17.4,18,40.6,34.8,"       .","       .",6.8,11
"72",72,"18 jaar of ouder","Waarde",2020,"Dongen","Dongen                                  ","Gemeente  ","GM0766              ",79,"    47.2",16.9,15.6,41.4,31.9,"       .","       .",5.9,10
"73",73,"18 jaar of ouder","Waarde",2020,"Dordrecht","Dordrecht                               ","Gemeente  ","GM0505              ",76,"    44.6",18.7,18.6,51.7,33.9,"       .","       .",7.8,12.7
"74",74,"18 jaar of ouder","Waarde",2020,"Drechterland","Drechterland                            ","Gemeente  ","GM0498              ",81.7,"    53.0",13.6,15,38.4,30.5,"       .","       .",4.5,7.7
"75",75,"18 jaar of ouder","Waarde",2020,"Drimmelen","Drimmelen                               ","Gemeente  ","GM1719              ",79.8,"    45.8",16.3,14.8,38.6,30.9,"       .","       .",4.8,9
"76",76,"18 jaar of ouder","Waarde",2020,"Dronten","Dronten                                 ","Gemeente  ","GM0303              ",80.8,"    49.6",15.8,17.3,46.3,32.2,"       .","       .",5.5,9.3
"77",77,"18 jaar of ouder","Waarde",2020,"Druten","Druten                                  ","Gemeente  ","GM0225              ",77.3,"    45.7",16.9,17,42.5,33.3,"       .","       .",5.9,9.7
"78",78,"18 jaar of ouder","Waarde",2020,"Duiven","Duiven                                  ","Gemeente  ","GM0226              ",79.2,"    52.6",17.1,16.3,39.9,34.5,"       .","       .",6.2,10
"79",79,"18 jaar of ouder","Waarde",2020,"Echt-Susteren","Echt-Susteren                           ","Gemeente  ","GM1711              ",74,"    46.9",17.7,16.9,46.1,37.8,"       .","       .",6.4,11.9
"80",80,"18 jaar of ouder","Waarde",2020,"Edam-Volendam","Edam-Volendam                           ","Gemeente  ","GM0385              ",82.2,"    49.1",13.3,14.3,36,30.7,"       .","       .",4.5,7.9
"81",81,"18 jaar of ouder","Waarde",2020,"Ede","Ede                                     ","Gemeente  ","GM0228              ",80.6,"    53.7",15.3,16.8,49.8,32.1,"       .","       .",6,9.8
"82",82,"18 jaar of ouder","Waarde",2020,"Eemnes","Eemnes                                  ","Gemeente  ","GM0317              ",82.4,"       .",12.6,14.8,35.1,31.3,"       .","       .",4.6,8.3
"83",83,"18 jaar of ouder","Waarde",2020,"Eemsdelta","Eemsdelta                               ","Gemeente  ","GM1979              ",74.2,"    42.1",22.3,20.3,50.6,35.6,"       .","       .",6.8,10.9
"84",84,"18 jaar of ouder","Waarde",2020,"Eersel","Eersel                                  ","Gemeente  ","GM0770              ",80.3,"    50.9",13.4,12.6,37.7,29.8,"       .","       .",4.5,8.5
"85",85,"18 jaar of ouder","Waarde",2020,"Eijsden-Margraten","Eijsden-Margraten                       ","Gemeente  ","GM1903              ",78,"    47.5",15.2,14.7,38,33.7,"       .","       .",5.4,9.6
"86",86,"18 jaar of ouder","Waarde",2020,"Eindhoven","Eindhoven                               ","Gemeente  ","GM0772              ",77.3,"    51.0",14.6,19.7,42.4,31.2,"       .","       .",8.9,14.1
"87",87,"18 jaar of ouder","Waarde",2020,"Elburg","Elburg                                  ","Gemeente  ","GM0230              ",81.4,"    49.6",15.9,16.6,47.1,31.7,"       .","       .",4.7,8.7
"88",88,"18 jaar of ouder","Waarde",2020,"Emmen","Emmen                                   ","Gemeente  ","GM0114              ",76.4,"    45.1",19.8,20.1,43.7,36,"       .","       .",6.6,11.7
"89",89,"18 jaar of ouder","Waarde",2020,"Enkhuizen","Enkhuizen                               ","Gemeente  ","GM0388              ",78.1,"    51.3",16,18.3,41.4,34.3,"       .","       .",6.4,10.6
"90",90,"18 jaar of ouder","Waarde",2020,"Enschede","Enschede                                ","Gemeente  ","GM0153              ",77.1,"    53.7",17.4,21.9,42.6,33.1,"       .","       .",8.5,13.2
"91",91,"18 jaar of ouder","Waarde",2020,"Epe","Epe                                     ","Gemeente  ","GM0232              ",80.5,"    49.7",15.8,15.8,45.8,33.4,"       .","       .",5.1,9.2
"92",92,"18 jaar of ouder","Waarde",2020,"Ermelo","Ermelo                                  ","Gemeente  ","GM0233              ",80.3,"    50.1",14.6,15.9,47.4,33.3,"       .","       .",5.2,9.5
"93",93,"18 jaar of ouder","Waarde",2020,"Etten-Leur","Etten-Leur                              ","Gemeente  ","GM0777              ",77.9,"    48.8",17.5,15.5,44.2,32.7,"       .","       .",7,11.2
"94",94,"18 jaar of ouder","Waarde",2020,"De Fryske Marren","De Fryske Marren                        ","Gemeente  ","GM1940              ",81.4,"    52.4",14.7,16.5,40.6,31.8,"       .","       .",4.3,7.4
"95",95,"18 jaar of ouder","Waarde",2020,"Geertruidenberg","Geertruidenberg                         ","Gemeente  ","GM0779              ",78.1,"    45.7",17.8,16.4,41.6,32.3,"       .","       .",6,10.1
"96",96,"18 jaar of ouder","Waarde",2020,"Geldrop-Mierlo","Geldrop-Mierlo                          ","Gemeente  ","GM1771              ",77.8,"    50.2",15.6,15.9,40.4,32.9,"       .","       .",6.8,11.1
"97",97,"18 jaar of ouder","Waarde",2020,"Gemert-Bakel","Gemert-Bakel                            ","Gemeente  ","GM1652              ",78.9,"    51.5",15.1,15.3,36.7,31.4,"       .","       .",5.7,9.6
"98",98,"18 jaar of ouder","Waarde",2020,"Gennep","Gennep                                  ","Gemeente  ","GM0907              ",77.5,"    52.6",16,15.5,41.2,34.3,"       .","       .",5.9,10
"99",99,"18 jaar of ouder","Waarde",2020,"Gilze en Rijen","Gilze en Rijen                          ","Gemeente  ","GM0784              ",77.9,"    48.0",17,15.2,42.2,32.4,"       .","       .",6.2,10.7
"100",100,"18 jaar of ouder","Waarde",2020,"Goeree-Overflakkee","Goeree-Overflakkee                      ","Gemeente  ","GM1924              ",79.1,"    44.0",17.1,15.6,48.9,31.9,"       .","       .",5.1,9.6
"101",1,"18 jaar of ouder","Waarde",2020,"Goes","Goes                                    ","Gemeente  ","GM0664              ",76.5,"    50.6",14.4,16.7,51.5,34.1,"       .","       .",6.3,12.3
"102",2,"18 jaar of ouder","Waarde",2020,"Goirle","Goirle                                  ","Gemeente  ","GM0785              ",78.9,"    48.9",17.1,14.1,38.4,32.6,"       .","       .",5.6,9.9
"103",3,"18 jaar of ouder","Waarde",2020,"Gooise Meren","Gooise Meren                            ","Gemeente  ","GM1942              ",81.7,"    50.5",11.6,14.9,38.8,31.6,"       .","       .",5.2,9.4
"104",4,"18 jaar of ouder","Waarde",2020,"Gorinchem","Gorinchem                               ","Gemeente  ","GM0512              ",77,"    44.8",18.2,18.4,52.7,33.7,"       .","       .",7.6,11.9
"105",5,"18 jaar of ouder","Waarde",2020,"Gouda","Gouda                                   ","Gemeente  ","GM0513              ",78.3,"    48.7",16,16.9,50.6,33.9,"       .","       .",7.4,11.2
"106",6,"18 jaar of ouder","Waarde",2020,"'s-Gravenhage","'s-Gravenhage                           ","Gemeente  ","GM0518              ",75.3,"    48.8",15.9,20.8,51.9,32.7,"       .","       .",10,16
"107",7,"18 jaar of ouder","Waarde",2020,"Groningen","Groningen                               ","Gemeente  ","GM0014              ",79.7,"    56.0",12.3,23.9,37.1,29,"       .","       .",7.1,12.3
"108",8,"18 jaar of ouder","Waarde",2020,"Gulpen-Wittem","Gulpen-Wittem                           ","Gemeente  ","GM1729              ",75.2,"    41.9",16,15.7,42.4,36.2,"       .","       .",6.5,11.1
"109",9,"18 jaar of ouder","Waarde",2020,"Haaksbergen","Haaksbergen                             ","Gemeente  ","GM0158              ",81.2,"    54.5",16.2,15.4,36.1,30.3,"       .","       .",4.6,9.3
"110",10,"18 jaar of ouder","Waarde",2020,"Haarlem","Haarlem                                 ","Gemeente  ","GM0392              ",79.6,"    58.6",13.1,17.9,39.9,31,"       .","       .",7.1,11.8
"111",11,"18 jaar of ouder","Waarde",2020,"Haarlemmermeer","Haarlemmermeer                          ","Gemeente  ","GM0394              ",81.3,"    51.0",14.3,15.1,43.4,30.2,"       .","       .",5.9,10.4
"112",12,"18 jaar of ouder","Waarde",2020,"Halderberge","Halderberge                             ","Gemeente  ","GM1655              ",77.2,"    46.3",17.8,15.4,45.5,32.3,"       .","       .",6,10.5
"113",13,"18 jaar of ouder","Waarde",2020,"Hardenberg","Hardenberg                              ","Gemeente  ","GM0160              ",81.5,"    48.6",17.6,17.8,39.2,31.3,"       .","       .",4.7,8.8
"114",14,"18 jaar of ouder","Waarde",2020,"Harderwijk","Harderwijk                              ","Gemeente  ","GM0243              ",78.9,"    50.3",15.9,17.8,49.4,33.3,"       .","       .",6.5,10.8
"115",15,"18 jaar of ouder","Waarde",2020,"Hardinxveld-Giessendam","Hardinxveld-Giessendam                  ","Gemeente  ","GM0523              ",80.7,"    44.5",16.2,14.7,51.1,30.4,"       .","       .",5.2,8.7
"116",16,"18 jaar of ouder","Waarde",2020,"Harlingen","Harlingen                               ","Gemeente  ","GM0072              ",78.1,"    55.3",17.2,20.6,42.9,35.3,"       .","       .",5.1,8.7
"117",17,"18 jaar of ouder","Waarde",2020,"Hattem","Hattem                                  ","Gemeente  ","GM0244              ",81.5,"    52.1",15.2,15,43,32.4,"       .","       .",4.3,8.4
"118",18,"18 jaar of ouder","Waarde",2020,"Heemskerk","Heemskerk                               ","Gemeente  ","GM0396              ",77.8,"    56.1",16,15.9,41.2,33.4,"       .","       .",6.1,10.4
"119",19,"18 jaar of ouder","Waarde",2020,"Heemstede","Heemstede                               ","Gemeente  ","GM0397              ",81.9,"    58.3",10.6,11.9,36.7,31.7,"       .","       .",4.3,8.9
"120",20,"18 jaar of ouder","Waarde",2020,"Heerde","Heerde                                  ","Gemeente  ","GM0246              ",81.1,"    51.0",15.6,14.8,44.3,33.7,"       .","       .",4.4,8.1
"121",21,"18 jaar of ouder","Waarde",2020,"Heerenveen","Heerenveen                              ","Gemeente  ","GM0074              ",80.1,"    52.6",15.3,17.9,43.3,33,"       .","       .",5.1,8.7
"122",22,"18 jaar of ouder","Waarde",2020,"Heerlen","Heerlen                                 ","Gemeente  ","GM0917              ",67.8,"    39.8",21.1,24.4,50.5,43.4,"       .","       .",11.5,16.5
"123",23,"18 jaar of ouder","Waarde",2020,"Heeze-Leende","Heeze-Leende                            ","Gemeente  ","GM1658              ",80.7,"    51.3",12.9,12.6,37.5,30,"       .","       .",4.3,8.7
"124",24,"18 jaar of ouder","Waarde",2020,"Heiloo","Heiloo                                  ","Gemeente  ","GM0399              ",81.3,"    58.2",11.5,12.4,39.5,31.7,"       .","       .",4.4,8
"125",25,"18 jaar of ouder","Waarde",2020,"Den Helder","Den Helder                              ","Gemeente  ","GM0400              ",76,"    50.9",18.6,21.6,44.3,36.9,"       .","       .",6.9,11.1
"126",26,"18 jaar of ouder","Waarde",2020,"Hellendoorn","Hellendoorn                             ","Gemeente  ","GM0163              ",82,"    50.7",16.4,16.1,39.7,32,"       .","       .",4.3,8.5
"127",27,"18 jaar of ouder","Waarde",2020,"Hellevoetsluis","Hellevoetsluis                          ","Gemeente  ","GM0530              ",77.2,"    42.6",18.8,17.9,46.2,34.8,"       .","       .",6.5,11.1
"128",28,"18 jaar of ouder","Waarde",2020,"Helmond","Helmond                                 ","Gemeente  ","GM0794              ",75.4,"    48.4",17.6,19.6,44.1,34.3,"       .","       .",8.6,12.8
"129",29,"18 jaar of ouder","Waarde",2020,"Hendrik-Ido-Ambacht","Hendrik-Ido-Ambacht                     ","Gemeente  ","GM0531              ",80.5,"    44.1",16.6,14,50.1,30.6,"       .","       .",5.6,9.1
"130",30,"18 jaar of ouder","Waarde",2020,"Hengelo","Hengelo                                 ","Gemeente  ","GM0164              ",78.7,"    52.9",17.8,20.3,41.7,33.1,"       .","       .",7,11.9
"131",31,"18 jaar of ouder","Waarde",2020,"'s-Hertogenbosch","'s-Hertogenbosch                        ","Gemeente  ","GM0796              ",78.1,"    47.9",15.3,18.4,38.9,32.1,"       .","       .",7.5,11.3
"132",32,"18 jaar of ouder","Waarde",2020,"Heumen","Heumen                                  ","Gemeente  ","GM0252              ",78.8,"    52.4",13.6,13.7,40.3,33.3,"       .","       .",5.2,9.1
"133",33,"18 jaar of ouder","Waarde",2020,"Heusden","Heusden                                 ","Gemeente  ","GM0797              ",79,"    45.7",16.7,16.2,40.7,31.6,"       .","       .",6,9.8
"134",34,"18 jaar of ouder","Waarde",2020,"Hillegom","Hillegom                                ","Gemeente  ","GM0534              ",81,"    51.3",14.2,15.8,39.8,31.7,"       .","       .",5.7,9.9
"135",35,"18 jaar of ouder","Waarde",2020,"Hilvarenbeek","Hilvarenbeek                            ","Gemeente  ","GM0798              ",80.9,"    51.0",13.9,11.9,35.1,29.5,"       .","       .",4.5,8.6
"136",36,"18 jaar of ouder","Waarde",2020,"Hilversum","Hilversum                               ","Gemeente  ","GM0402              ",79.5,"    50.7",13.2,18.6,42.4,31.9,"       .","       .",6.7,11.3
"137",37,"18 jaar of ouder","Waarde",2020,"Hoeksche Waard","Hoeksche Waard                          ","Gemeente  ","GM1963              ",79.9,"    43.2",16.7,14.5,46.6,31.4,"       .","       .",4.9,9.2
"138",38,"18 jaar of ouder","Waarde",2020,"Hof van Twente","Hof van Twente                          ","Gemeente  ","GM1735              ",81.9,"    52.2",15.8,15.7,36.1,29.9,"       .","       .",4.1,8.4
"139",39,"18 jaar of ouder","Waarde",2020,"Het Hogeland","Het Hogeland                            ","Gemeente  ","GM1966              ",78,"    48.0",15.6,18.3,44.8,33.3,"       .","       .",4.6,9.2
"140",40,"18 jaar of ouder","Waarde",2020,"Hollands Kroon","Hollands Kroon                          ","Gemeente  ","GM1911              ",80.7,"    50.8",15.5,17.6,38.2,31.1,"       .","       .",4.9,8.2
"141",41,"18 jaar of ouder","Waarde",2020,"Hoogeveen","Hoogeveen                               ","Gemeente  ","GM0118              ",78.4,"    46.9",17,19.4,44.1,34.9,"       .","       .",5.4,10.6
"142",42,"18 jaar of ouder","Waarde",2020,"Hoorn","Hoorn                                   ","Gemeente  ","GM0405              ",78.4,"    50.4",15.6,18.4,44.1,33.8,"       .","       .",6.9,11.1
"143",43,"18 jaar of ouder","Waarde",2020,"Horst aan de Maas","Horst aan de Maas                       ","Gemeente  ","GM1507              ",79.2,"    54.3",15.1,14.8,37.2,32.1,"       .","       .",5.1,9.2
"144",44,"18 jaar of ouder","Waarde",2020,"Houten","Houten                                  ","Gemeente  ","GM0321              ",81.3,"       .",12.6,13.9,45.4,31,"       .","       .",5.1,8.6
"145",45,"18 jaar of ouder","Waarde",2020,"Huizen","Huizen                                  ","Gemeente  ","GM0406              ",79,"    47.2",14.5,16.7,43.4,34.4,"       .","       .",6.1,9.9
"146",46,"18 jaar of ouder","Waarde",2020,"Hulst","Hulst                                   ","Gemeente  ","GM0677              ",76,"    47.1",17.1,16.3,44.2,33,"       .","       .",6.4,12
"147",47,"18 jaar of ouder","Waarde",2020,"IJsselstein","IJsselstein                             ","Gemeente  ","GM0353              ",78.2,"       .",15.3,16.3,45.3,32.6,"       .","       .",5.8,9.7
"148",48,"18 jaar of ouder","Waarde",2020,"Kaag en Braassem","Kaag en Braassem                        ","Gemeente  ","GM1884              ",82.6,"    48.9",14,14.2,37.8,30.6,"       .","       .",4.6,8.5
"149",49,"18 jaar of ouder","Waarde",2020,"Kampen","Kampen                                  ","Gemeente  ","GM0166              ",80.7,"    49.5",16.2,18.8,47.4,31.1,"       .","       .",5.8,9.6
"150",50,"18 jaar of ouder","Waarde",2020,"Kapelle","Kapelle                                 ","Gemeente  ","GM0678              ",79.3,"    51.8",15.2,13.5,51.2,31.9,"       .","       .",5.1,10
"151",51,"18 jaar of ouder","Waarde",2020,"Katwijk","Katwijk                                 ","Gemeente  ","GM0537              ",81.3,"    53.3",17.5,16.9,40.3,31.1,"       .","       .",5.7,9.2
"152",52,"18 jaar of ouder","Waarde",2020,"Kerkrade","Kerkrade                                ","Gemeente  ","GM0928              ",68.1,"    36.5",22.8,24.3,49.7,41.8,"       .","       .",10.4,15.5
"153",53,"18 jaar of ouder","Waarde",2020,"Koggenland","Koggenland                              ","Gemeente  ","GM1598              ",82.8,"    53.5",13.1,14.8,33.1,29,"       .","       .",4.1,7.2
"154",54,"18 jaar of ouder","Waarde",2020,"Krimpen aan den IJssel","Krimpen aan den IJssel                  ","Gemeente  ","GM0542              ",77.7,"    41.9",17,14.8,51.7,33.4,"       .","       .",6,10.4
"155",55,"18 jaar of ouder","Waarde",2020,"Krimpenerwaard","Krimpenerwaard                          ","Gemeente  ","GM1931              ",80.9,"    46.0",15.4,14.5,47.8,31.3,"       .","       .",5.1,8.9
"156",56,"18 jaar of ouder","Waarde",2020,"Laarbeek","Laarbeek                                ","Gemeente  ","GM1659              ",79,"    50.2",14.9,14.3,36.8,31.2,"       .","       .",5.3,9.3
"157",57,"18 jaar of ouder","Waarde",2020,"Land van Cuijk","Land van Cuijk                          ","Gemeente  ","GM1982              ",78.5,"    51.6",15.4,14.7,39.9,32.5,"       .","       .",5.6,9.5
"158",58,"18 jaar of ouder","Waarde",2020,"Landgraaf","Landgraaf                               ","Gemeente  ","GM0882              ",68.8,"    39.1",21.1,21,49,42.1,"       .","       .",9.1,13.5
"159",59,"18 jaar of ouder","Waarde",2020,"Landsmeer","Landsmeer                               ","Gemeente  ","GM0415              ",80.4,"    49.1",13.6,15,40.4,32.4,"       .","       .",5.1,8.9
"160",60,"18 jaar of ouder","Waarde",2020,"Lansingerland","Lansingerland                           ","Gemeente  ","GM1621              ",83.2,"    48.9",13.5,13.1,44.5,29.2,"       .","       .",5,8.8
"161",61,"18 jaar of ouder","Waarde",2020,"Laren","Laren                                   ","Gemeente  ","GM0417              ",82.5,"    48.5",10.3,12.6,34.6,32.3,"       .","       .",3.9,8.4
"162",62,"18 jaar of ouder","Waarde",2020,"Leeuwarden","Leeuwarden                              ","Gemeente  ","GM0080              ",79.6,"    56.1",14.9,21.7,41.3,33.8,"       .","       .",6.7,10.3
"163",63,"18 jaar of ouder","Waarde",2020,"Leiden","Leiden                                  ","Gemeente  ","GM0546              ",80.6,"    54.3",12.3,18.1,40.1,30.5,"       .","       .",7.8,11.9
"164",64,"18 jaar of ouder","Waarde",2020,"Leiderdorp","Leiderdorp                              ","Gemeente  ","GM0547              ",80.4,"    50.0",14.5,14.3,43.2,33.2,"       .","       .",5.6,9.9
"165",65,"18 jaar of ouder","Waarde",2020,"Leidschendam-Voorburg","Leidschendam-Voorburg                   ","Gemeente  ","GM1916              ",78,"    47.8",14.4,15.3,46.9,34.1,"       .","       .",6.5,11.7
"166",66,"18 jaar of ouder","Waarde",2020,"Lelystad","Lelystad                                ","Gemeente  ","GM0995              ",77,"    48.3",17.6,20.1,51.5,34.1,"       .","       .",7.7,12.4
"167",67,"18 jaar of ouder","Waarde",2020,"Leudal","Leudal                                  ","Gemeente  ","GM1640              ",78,"    51.4",14.9,15.7,40.4,33.3,"       .","       .",4.8,9.9
"168",68,"18 jaar of ouder","Waarde",2020,"Leusden","Leusden                                 ","Gemeente  ","GM0327              ",81.7,"       .",13.1,14.2,43.5,32.2,"       .","       .",4.7,8.4
"169",69,"18 jaar of ouder","Waarde",2020,"Lingewaard","Lingewaard                              ","Gemeente  ","GM1705              ",79.7,"    53.2",15.8,15.3,38.6,33.4,"       .","       .",5.3,9
"170",70,"18 jaar of ouder","Waarde",2020,"Lisse","Lisse                                   ","Gemeente  ","GM0553              ",80.8,"    50.3",14.1,14.5,39.9,32.4,"       .","       .",5.4,9.5
"171",71,"18 jaar of ouder","Waarde",2020,"Lochem","Lochem                                  ","Gemeente  ","GM0262              ",81.1,"    51.9",14.8,13.8,41.1,33.6,"       .","       .",4.7,8.6
"172",72,"18 jaar of ouder","Waarde",2020,"Loon op Zand","Loon op Zand                            ","Gemeente  ","GM0809              ",78,"    46.3",18.1,16,41.1,32.6,"       .","       .",6,10
"173",73,"18 jaar of ouder","Waarde",2020,"Lopik","Lopik                                   ","Gemeente  ","GM0331              ",81.4,"       .",13.9,15,44.1,29.6,"       .","       .",4.6,7.5
"174",74,"18 jaar of ouder","Waarde",2020,"Losser","Losser                                  ","Gemeente  ","GM0168              ",78.5,"    51.5",18,16.1,34.4,31.4,"       .","       .",4.9,8.5
"175",75,"18 jaar of ouder","Waarde",2020,"Maasdriel","Maasdriel                               ","Gemeente  ","GM0263              ",78.8,"    45.4",16.2,17.7,39.3,31,"       .","       .",5.2,9.2
"176",76,"18 jaar of ouder","Waarde",2020,"Maasgouw","Maasgouw                                ","Gemeente  ","GM1641              ",76.5,"    49.8",15.9,16.3,43.5,35.3,"       .","       .",5.1,10.7
"177",77,"18 jaar of ouder","Waarde",2020,"Maashorst","Maashorst                               ","Gemeente  ","GM1991              ",78.5,"    50.1",15.2,15.6,38.6,32,"       .","       .",6.4,10.1
"178",78,"18 jaar of ouder","Waarde",2020,"Maassluis","Maassluis                               ","Gemeente  ","GM0556              ",75.7,"    43.0",19.2,17.1,48.5,34.6,"       .","       .",7.7,12.9
"179",79,"18 jaar of ouder","Waarde",2020,"Maastricht","Maastricht                              ","Gemeente  ","GM0935              ",74.5,"    50.1",15.6,22.3,39.4,33.9,"       .","       .",9.8,15.3
"180",80,"18 jaar of ouder","Waarde",2020,"Medemblik","Medemblik                               ","Gemeente  ","GM0420              ",80.9,"    51.8",13.9,16.4,37.6,30.6,"       .","       .",4.8,8.3
"181",81,"18 jaar of ouder","Waarde",2020,"Meerssen","Meerssen                                ","Gemeente  ","GM0938              ",75.5,"    46.2",15.8,15.8,41.6,35.5,"       .","       .",6,11.1
"182",82,"18 jaar of ouder","Waarde",2020,"Meierijstad","Meierijstad                             ","Gemeente  ","GM1948              ",79.2,"    50.7",15,15.4,38.5,31.1,"       .","       .",5.9,9.8
"183",83,"18 jaar of ouder","Waarde",2020,"Meppel","Meppel                                  ","Gemeente  ","GM0119              ",80.3,"    50.0",16,18.5,42.2,32.9,"       .","       .",5.6,10.3
"184",84,"18 jaar of ouder","Waarde",2020,"Middelburg","Middelburg                              ","Gemeente  ","GM0687              ",76.8,"    53.0",13.3,16.5,49.6,34.2,"       .","       .",6.1,12.6
"185",85,"18 jaar of ouder","Waarde",2020,"Midden-Delfland","Midden-Delfland                         ","Gemeente  ","GM1842              ",82.8,"    50.9",13.1,12,41.9,29.2,"       .","       .",4.5,8.7
"186",86,"18 jaar of ouder","Waarde",2020,"Midden-Drenthe","Midden-Drenthe                          ","Gemeente  ","GM1731              ",80.4,"    48.9",16.3,16.4,42.4,33.8,"       .","       .",4.1,8.4
"187",87,"18 jaar of ouder","Waarde",2020,"Midden-Groningen","Midden-Groningen                        ","Gemeente  ","GM1952              ",74.6,"    44.2",19.7,20.1,47.2,35.6,"       .","       .",6,10.7
"188",88,"18 jaar of ouder","Waarde",2020,"Moerdijk","Moerdijk                                ","Gemeente  ","GM1709              ",78.2,"    43.2",18.2,16.3,43.3,32.2,"       .","       .",5.6,10.2
"189",89,"18 jaar of ouder","Waarde",2020,"Molenlanden","Molenlanden                             ","Gemeente  ","GM1978              ",81.8,"    45.2",15.3,14.4,47.8,29.7,"       .","       .",4.5,7.9
"190",90,"18 jaar of ouder","Waarde",2020,"Montferland","Montferland                             ","Gemeente  ","GM1955              ",77.7,"    50.8",17.7,16.8,40.5,34.7,"       .","       .",5.9,9.7
"191",91,"18 jaar of ouder","Waarde",2020,"Montfoort","Montfoort                               ","Gemeente  ","GM0335              ",82,"       .",13.5,14.3,41.4,30.1,"       .","       .",4.3,7.8
"192",92,"18 jaar of ouder","Waarde",2020,"Mook en Middelaar","Mook en Middelaar                       ","Gemeente  ","GM0944              ",79.4,"    53.3",13.4,12.9,40.4,33.5,"       .","       .",4.4,8.5
"193",93,"18 jaar of ouder","Waarde",2020,"Neder-Betuwe","Neder-Betuwe                            ","Gemeente  ","GM1740              ",79.3,"    45.4",16.9,17.7,48.5,31.3,"       .","       .",5.5,8.9
"194",94,"18 jaar of ouder","Waarde",2020,"Nederweert","Nederweert                              ","Gemeente  ","GM0946              ",78.4,"    51.2",14.4,14.5,40.1,32.1,"       .","       .",5,9.5
"195",95,"18 jaar of ouder","Waarde",2020,"Nieuwegein","Nieuwegein                              ","Gemeente  ","GM0356              ",76.9,"       .",16.2,17.9,47.3,34.2,"       .","       .",6.6,11.1
"196",96,"18 jaar of ouder","Waarde",2020,"Nieuwkoop","Nieuwkoop                               ","Gemeente  ","GM0569              ",82.5,"    47.5",13.9,14.2,39.6,30.4,"       .","       .",4.4,7.8
"197",97,"18 jaar of ouder","Waarde",2020,"Nijkerk","Nijkerk                                 ","Gemeente  ","GM0267              ",81.7,"    51.4",13.9,15.4,44.2,31.2,"       .","       .",5.2,8.8
"198",98,"18 jaar of ouder","Waarde",2020,"Nijmegen","Nijmegen                                ","Gemeente  ","GM0268              ",75.9,"    53.2",13.7,20.4,38.8,33.2,"       .","       .",9,12.5
"199",99,"18 jaar of ouder","Waarde",2020,"Nissewaard","Nissewaard                              ","Gemeente  ","GM1930              ",76.1,"    42.0",19.8,18.6,50.2,34.1,"       .","       .",7.2,12.5
"200",1,"18 jaar of ouder","Waarde",2020,"Noardeast-Fryslân","Noardeast-Fryslân                       ","Gemeente  ","GM1970              ",79.9,"    47.8",15.8,18.8,43,33.1,"       .","       .",4.9,8.4
"201",2,"18 jaar of ouder","Waarde",2020,"Noord-Beveland","Noord-Beveland                          ","Gemeente  ","GM1695              ",75.8,"    45.5",16.2,17,46.9,35.4,"       .","       .",5.4,10.5
"202",3,"18 jaar of ouder","Waarde",2020,"Noordenveld","Noordenveld                             ","Gemeente  ","GM1699              ",79.7,"    49.4",14.7,14.8,44.4,35.2,"       .","       .",4.1,8.5
"203",4,"18 jaar of ouder","Waarde",2020,"Noordoostpolder","Noordoostpolder                         ","Gemeente  ","GM0171              ",81.2,"    48.2",16.2,18.6,47.2,31.9,"       .","       .",5.3,8.7
"204",5,"18 jaar of ouder","Waarde",2020,"Noordwijk","Noordwijk                               ","Gemeente  ","GM0575              ",82.3,"    53.1",14.4,16.4,37.4,30.3,"       .","       .",5.3,9.8
"205",6,"18 jaar of ouder","Waarde",2020,"Nuenen, Gerwen en Nederwetten","Nuenen, Gerwen en Nederwetten           ","Gemeente  ","GM0820              ",80,"    51.3",13.5,12.7,38.5,31.6,"       .","       .",4.9,9.2
"206",7,"18 jaar of ouder","Waarde",2020,"Nunspeet","Nunspeet                                ","Gemeente  ","GM0302              ",81.2,"    49.7",15.1,16.2,47.1,31.8,"       .","       .",4.9,8.6
"207",8,"18 jaar of ouder","Waarde",2020,"Oegstgeest","Oegstgeest                              ","Gemeente  ","GM0579              ",83.4,"    53.2",11,11.7,40.7,30.9,"       .","       .",4.8,9
"208",9,"18 jaar of ouder","Waarde",2020,"Oirschot","Oirschot                                ","Gemeente  ","GM0823              ",81,"    49.7",13.6,12.5,34.7,29.3,"       .","       .",4.6,8.7
"209",10,"18 jaar of ouder","Waarde",2020,"Oisterwijk","Oisterwijk                              ","Gemeente  ","GM0824              ",79.7,"    49.8",14.8,13.9,36.5,31.3,"       .","       .",5.2,9.4
"210",11,"18 jaar of ouder","Waarde",2020,"Oldambt","Oldambt                                 ","Gemeente  ","GM1895              ",70.7,"    40.4",23.6,19.9,49.5,39.4,"       .","       .",6.7,11.3
"211",12,"18 jaar of ouder","Waarde",2020,"Oldebroek","Oldebroek                               ","Gemeente  ","GM0269              ",81.2,"    49.2",15.9,15.9,46,31.7,"       .","       .",4.9,8.3
"212",13,"18 jaar of ouder","Waarde",2020,"Oldenzaal","Oldenzaal                               ","Gemeente  ","GM0173              ",79.9,"    53.4",17.1,16.6,35.9,32.2,"       .","       .",5.3,9.7
"213",14,"18 jaar of ouder","Waarde",2020,"Olst-Wijhe","Olst-Wijhe                              ","Gemeente  ","GM1773              ",81.8,"    50.7",15.8,15.7,40.3,32.8,"       .","       .",4.5,8.4
"214",15,"18 jaar of ouder","Waarde",2020,"Ommen","Ommen                                   ","Gemeente  ","GM0175              ",82.4,"    50.0",16.1,15.9,39.9,31.5,"       .","       .",4.1,8.4
"215",16,"18 jaar of ouder","Waarde",2020,"Oost Gelre","Oost Gelre                              ","Gemeente  ","GM1586              ",81.9,"    56.4",15.9,15.5,34,31.3,"       .","       .",4.6,8.3
"216",17,"18 jaar of ouder","Waarde",2020,"Oosterhout","Oosterhout                              ","Gemeente  ","GM0826              ",76.9,"    46.6",16.9,16.5,42.6,33.6,"       .","       .",7,11.1
"217",18,"18 jaar of ouder","Waarde",2020,"Ooststellingwerf","Ooststellingwerf                        ","Gemeente  ","GM0085              ",79.3,"    49.7",16.3,17.2,43.5,34.4,"       .","       .",4.6,8.7
"218",19,"18 jaar of ouder","Waarde",2020,"Oostzaan","Oostzaan                                ","Gemeente  ","GM0431              ",80.4,"    49.8",14.5,14.9,40.1,31.8,"       .","       .",4.8,9
"219",20,"18 jaar of ouder","Waarde",2020,"Opmeer","Opmeer                                  ","Gemeente  ","GM0432              ",81.9,"    52.2",12.1,15.6,35.6,29.4,"       .","       .",4.5,7.9
"220",21,"18 jaar of ouder","Waarde",2020,"Opsterland","Opsterland                              ","Gemeente  ","GM0086              ",81.1,"    51.1",15,16.8,41.6,32.4,"       .","       .",4.2,7.8
"221",22,"18 jaar of ouder","Waarde",2020,"Oss","Oss                                     ","Gemeente  ","GM0828              ",76.8,"    47.1",16.5,18.5,42.2,33.9,"       .","       .",7.4,11.1
"222",23,"18 jaar of ouder","Waarde",2020,"Oude IJsselstreek","Oude IJsselstreek                       ","Gemeente  ","GM1509              ",78.5,"    50.8",18.1,17,39.7,34.1,"       .","       .",6,10.3
"223",24,"18 jaar of ouder","Waarde",2020,"Ouder-Amstel","Ouder-Amstel                            ","Gemeente  ","GM0437              ",81.6,"    50.2",12.4,14.5,39.8,29.6,"       .","       .",5.4,10.1
"224",25,"18 jaar of ouder","Waarde",2020,"Oudewater","Oudewater                               ","Gemeente  ","GM0589              ",81.2,"       .",13.6,13.9,42.5,30.4,"       .","       .",4.5,8.5
"225",26,"18 jaar of ouder","Waarde",2020,"Overbetuwe","Overbetuwe                              ","Gemeente  ","GM1734              ",79.9,"    52.1",15.6,15.8,39.7,32.8,"       .","       .",5.3,9.1
"226",27,"18 jaar of ouder","Waarde",2020,"Papendrecht","Papendrecht                             ","Gemeente  ","GM0590              ",78,"    43.7",17.4,15.7,51.1,33.2,"       .","       .",6.1,10.5
"227",28,"18 jaar of ouder","Waarde",2020,"Peel en Maas","Peel en Maas                            ","Gemeente  ","GM1894              ",78.8,"    54.0",15,15.3,38.3,32.4,"       .","       .",5,9.1
"228",29,"18 jaar of ouder","Waarde",2020,"Pekela","Pekela                                  ","Gemeente  ","GM0765              ",71.7,"    41.6",25.4,21.1,51,38.8,"       .","       .",7.4,10.7
"229",30,"18 jaar of ouder","Waarde",2020,"Pijnacker-Nootdorp","Pijnacker-Nootdorp                      ","Gemeente  ","GM1926              ",82.8,"    49.9",13.4,13.1,45.3,29.8,"       .","       .",5.2,9.1
"230",31,"18 jaar of ouder","Waarde",2020,"Purmerend","Purmerend                               ","Gemeente  ","GM0439              ",78.1,"    45.7",16.4,18.1,43.6,34,"       .","       .",6.7,10.8
"231",32,"18 jaar of ouder","Waarde",2020,"Putten","Putten                                  ","Gemeente  ","GM0273              ",81.3,"    49.5",14.2,15.5,46.4,31.3,"       .","       .",4.9,8.4
"232",33,"18 jaar of ouder","Waarde",2020,"Raalte","Raalte                                  ","Gemeente  ","GM0177              ",82.1,"    51.1",15.4,15.2,39.5,31.4,"       .","       .",4,8.3
"233",34,"18 jaar of ouder","Waarde",2020,"Reimerswaal","Reimerswaal                             ","Gemeente  ","GM0703              ",78.6,"    48.6",16.7,17.4,52.8,30.4,"       .","       .",5.8,11.3
"234",35,"18 jaar of ouder","Waarde",2020,"Renkum","Renkum                                  ","Gemeente  ","GM0274              ",78.7,"    52.4",15.3,14.4,45.8,35.9,"       .","       .",5.5,9.8
"235",36,"18 jaar of ouder","Waarde",2020,"Renswoude","Renswoude                               ","Gemeente  ","GM0339              ",83.7,"       .",13.9,15.3,47.4,28,"       .","       .",4.4,7.3
"236",37,"18 jaar of ouder","Waarde",2020,"Reusel-De Mierden","Reusel-De Mierden                       ","Gemeente  ","GM1667              ",80.4,"    49.0",15.5,13.2,37.3,29.5,"       .","       .",4.6,8.9
"237",38,"18 jaar of ouder","Waarde",2020,"Rheden","Rheden                                  ","Gemeente  ","GM0275              ",76.6,"    51.0",16.9,18.3,43.2,37,"       .","       .",7.2,11.2
"238",39,"18 jaar of ouder","Waarde",2020,"Rhenen","Rhenen                                  ","Gemeente  ","GM0340              ",79.7,"       .",15.5,15.8,50.5,33.3,"       .","       .",5.3,9
"239",40,"18 jaar of ouder","Waarde",2020,"Ridderkerk","Ridderkerk                              ","Gemeente  ","GM0597              ",76.2,"    40.6",18.5,16,53.5,34.2,"       .","       .",6.5,11.2
"240",41,"18 jaar of ouder","Waarde",2020,"Rijssen-Holten","Rijssen-Holten                          ","Gemeente  ","GM1742              ",82.6,"    49.4",16,16,41.2,28.4,"       .","       .",4.7,8.5
"241",42,"18 jaar of ouder","Waarde",2020,"Rijswijk","Rijswijk                                ","Gemeente  ","GM0603              ",76.2,"    45.5",15.8,16.5,50.9,34.7,"       .","       .",7.6,13.2
"242",43,"18 jaar of ouder","Waarde",2020,"Roerdalen","Roerdalen                               ","Gemeente  ","GM1669              ",74.9,"    49.3",17.1,17.5,44.8,38.1,"       .","       .",5.4,12
"243",44,"18 jaar of ouder","Waarde",2020,"Roermond","Roermond                                ","Gemeente  ","GM0957              ",73.3,"    50.4",18.1,20.7,47,38.6,"       .","       .",8.7,14.7
"244",45,"18 jaar of ouder","Waarde",2020,"De Ronde Venen","De Ronde Venen                          ","Gemeente  ","GM0736              ",82.1,"       .",13.4,14.4,40.5,29.9,"       .","       .",4.8,8.6
"245",46,"18 jaar of ouder","Waarde",2020,"Roosendaal","Roosendaal                              ","Gemeente  ","GM1674              ",75.7,"    48.4",18.3,17.5,47.2,33.3,"       .","       .",8.1,12.7
"246",47,"18 jaar of ouder","Waarde",2020,"Rotterdam","Rotterdam                               ","Gemeente  ","GM0599              ",74.3,"    44.8",17.6,21.6,51.8,32.7,"       .","       .",10.1,16.1
"247",48,"18 jaar of ouder","Waarde",2020,"Rozendaal","Rozendaal                               ","Gemeente  ","GM0277              ",85.8,"    55.7",9,10.1,35.4,30,"       .","       .",2.9,6.1
"248",49,"18 jaar of ouder","Waarde",2020,"Rucphen","Rucphen                                 ","Gemeente  ","GM0840              ",75.6,"    45.9",18.1,16,42.9,33,"       .","       .",6.3,10.4
"249",50,"18 jaar of ouder","Waarde",2020,"Schagen","Schagen                                 ","Gemeente  ","GM0441              ",80.2,"    54.9",13.5,15.6,38.9,32.3,"       .","       .",4.6,8.2
"250",51,"18 jaar of ouder","Waarde",2020,"Scherpenzeel","Scherpenzeel                            ","Gemeente  ","GM0279              ",82.3,"    54.1",14.5,15.6,46.5,30.5,"       .","       .",5.1,8.3
"251",52,"18 jaar of ouder","Waarde",2020,"Schiedam","Schiedam                                ","Gemeente  ","GM0606              ",74.9,"    44.2",18.8,21.4,52.2,33.1,"       .","       .",8.9,14.9
"252",53,"18 jaar of ouder","Waarde",2020,"Schiermonnikoog","Schiermonnikoog                         ","Gemeente  ","GM0088              ",79.9,"    74.6",14.5,26.3,35.7,30,"       .","       .",8.4,9.7
"253",54,"18 jaar of ouder","Waarde",2020,"Schouwen-Duiveland","Schouwen-Duiveland                      ","Gemeente  ","GM1676              ",77.3,"    48.2",15.4,15.7,48,34.2,"       .","       .",5,10.1
"254",55,"18 jaar of ouder","Waarde",2020,"Simpelveld","Simpelveld                              ","Gemeente  ","GM0965              ",73.1,"    39.7",18.5,18,48,38.2,"       .","       .",7.3,10.9
"255",56,"18 jaar of ouder","Waarde",2020,"Sint-Michielsgestel","Sint-Michielsgestel                     ","Gemeente  ","GM0845              ",80.7,"    51.0",13.7,13.6,35.9,30.1,"       .","       .",4.7,8.2
"256",57,"18 jaar of ouder","Waarde",2020,"Sittard-Geleen","Sittard-Geleen                          ","Gemeente  ","GM1883              ",71.4,"    45.7",18.7,20.1,48,39.3,"       .","       .",8.9,14.1
"257",58,"18 jaar of ouder","Waarde",2020,"Sliedrecht","Sliedrecht                              ","Gemeente  ","GM0610              ",77.7,"    43.5",17.5,16.2,52.2,32.7,"       .","       .",6.5,10.6
"258",59,"18 jaar of ouder","Waarde",2020,"Sluis","Sluis                                   ","Gemeente  ","GM1714              ",74.3,"    49.1",16.2,17.6,46.9,34.9,"       .","       .",5.3,14
"259",60,"18 jaar of ouder","Waarde",2020,"Smallingerland","Smallingerland                          ","Gemeente  ","GM0090              ",78.3,"    51.1",16.4,18.9,43.7,34.7,"       .","       .",5.7,9.2
"260",61,"18 jaar of ouder","Waarde",2020,"Soest","Soest                                   ","Gemeente  ","GM0342              ",79.9,"       .",14,15.8,43.2,32.7,"       .","       .",5.7,9.8
"261",62,"18 jaar of ouder","Waarde",2020,"Someren","Someren                                 ","Gemeente  ","GM0847              ",79.9,"    50.1",13.8,14.5,38.1,30.6,"       .","       .",5.4,9.3
"262",63,"18 jaar of ouder","Waarde",2020,"Son en Breugel","Son en Breugel                          ","Gemeente  ","GM0848              ",80.2,"    50.3",13.5,12.7,38.3,30.4,"       .","       .",5,9.3
"263",64,"18 jaar of ouder","Waarde",2020,"Stadskanaal","Stadskanaal                             ","Gemeente  ","GM0037              ",74.4,"    41.4",23.2,19,50.3,37,"       .","       .",5.8,10.4
"264",65,"18 jaar of ouder","Waarde",2020,"Staphorst","Staphorst                               ","Gemeente  ","GM0180              ",84.8,"    48.3",14.5,15.6,43.1,26.5,"       .","       .",3.7,7.7
"265",66,"18 jaar of ouder","Waarde",2020,"Stede Broec","Stede Broec                             ","Gemeente  ","GM0532              ",79.7,"    52.3",14.9,16.5,40.6,32.9,"       .","       .",5.5,9
"266",67,"18 jaar of ouder","Waarde",2020,"Steenbergen","Steenbergen                             ","Gemeente  ","GM0851              ",78.1,"    45.7",18.1,17.3,44.8,32.3,"       .","       .",5.7,10.8
"267",68,"18 jaar of ouder","Waarde",2020,"Steenwijkerland","Steenwijkerland                         ","Gemeente  ","GM1708              ",80.7,"    48.7",16.4,17.9,42.9,32.9,"       .","       .",4.8,8.7
"268",69,"18 jaar of ouder","Waarde",2020,"Stein","Stein                                   ","Gemeente  ","GM0971              ",73.3,"    46.2",17.7,17.1,45.8,37.8,"       .","       .",6.7,11.6
"269",70,"18 jaar of ouder","Waarde",2020,"Stichtse Vecht","Stichtse Vecht                          ","Gemeente  ","GM1904              ",80.8,"       .",14.1,15.2,41.6,31.8,"       .","       .",5.1,9
"270",71,"18 jaar of ouder","Waarde",2020,"Súdwest-Fryslân","Súdwest-Fryslân                         ","Gemeente  ","GM1900              ",80.5,"    53.7",14.8,17.9,40.2,32.9,"       .","       .",4.8,7.8
"271",72,"18 jaar of ouder","Waarde",2020,"Terneuzen","Terneuzen                               ","Gemeente  ","GM0715              ",74,"    45.4",17.9,18.6,47.8,35.1,"       .","       .",7.3,13.6
"272",73,"18 jaar of ouder","Waarde",2020,"Terschelling","Terschelling                            ","Gemeente  ","GM0093              ",83.4,"    71.3",14.4,18.1,35.2,29.6,"       .","       .",4.5,7.6
"273",74,"18 jaar of ouder","Waarde",2020,"Texel","Texel                                   ","Gemeente  ","GM0448              ",79.1,"    60.5",14,17,42.3,32.4,"       .","       .",4.4,8.7
"274",75,"18 jaar of ouder","Waarde",2020,"Teylingen","Teylingen                               ","Gemeente  ","GM1525              ",83,"    52.1",13.4,13.7,38.4,30.9,"       .","       .",5.1,8.9
"275",76,"18 jaar of ouder","Waarde",2020,"Tholen","Tholen                                  ","Gemeente  ","GM0716              ",78.3,"    46.5",17.3,16.8,50.6,31.9,"       .","       .",5.9,10.2
"276",77,"18 jaar of ouder","Waarde",2020,"Tiel","Tiel                                    ","Gemeente  ","GM0281              ",74.8,"    45.1",18.8,21.2,50.8,35,"       .","       .",8.2,12.2
"277",78,"18 jaar of ouder","Waarde",2020,"Tilburg","Tilburg                                 ","Gemeente  ","GM0855              ",77.1,"    48.3",17.9,20.5,41.8,31.9,"       .","       .",8.8,12.9
"278",79,"18 jaar of ouder","Waarde",2020,"Tubbergen","Tubbergen                               ","Gemeente  ","GM0183              ",83.9,"    53.1",14.2,15.1,32.8,27.7,"       .","       .",3.5,7.2
"279",80,"18 jaar of ouder","Waarde",2020,"Twenterand","Twenterand                              ","Gemeente  ","GM1700              ",80.6,"    48.4",19.6,17.7,39.8,32.1,"       .","       .",4.9,8.9
"280",81,"18 jaar of ouder","Waarde",2020,"Tynaarlo","Tynaarlo                                ","Gemeente  ","GM1730              ",81.4,"    51.4",14.2,13.9,42.4,33.7,"       .","       .",3.4,7.8
"281",82,"18 jaar of ouder","Waarde",2020,"Tytsjerksteradiel","Tytsjerksteradiel                       ","Gemeente  ","GM0737              ",80.9,"    51.3",14.7,16.2,41.3,33.2,"       .","       .",4.1,7.2
"282",83,"18 jaar of ouder","Waarde",2020,"Uitgeest","Uitgeest                                ","Gemeente  ","GM0450              ",83.2,"    59.4",12.8,13.9,34.6,29.4,"       .","       .",4.6,8.2
"283",84,"18 jaar of ouder","Waarde",2020,"Uithoorn","Uithoorn                                ","Gemeente  ","GM0451              ",80.6,"    46.9",14.6,15.4,42.5,30.4,"       .","       .",5.9,10.4
"284",85,"18 jaar of ouder","Waarde",2020,"Urk","Urk                                     ","Gemeente  ","GM0184              ",84.8,"    50.4",15.2,17.8,50.1,25.5,"       .","       .",4.7,6.8
"285",86,"18 jaar of ouder","Waarde",2020,"Utrecht","Utrecht                                 ","Gemeente  ","GM0344              ",81.1,"    58.1",11.4,19.4,40.3,28.2,"       .","       .",7.9,11.7
"286",87,"18 jaar of ouder","Waarde",2020,"Utrechtse Heuvelrug","Utrechtse Heuvelrug                     ","Gemeente  ","GM1581              ",80.3,"       .",13.5,14.1,45.9,33.4,"       .","       .",4.9,8.8
"287",88,"18 jaar of ouder","Waarde",2020,"Vaals","Vaals                                   ","Gemeente  ","GM0981              ",71.1,"    40.9",17.9,22.2,46.1,39.1,"       .","       .",10.3,14.3
"288",89,"18 jaar of ouder","Waarde",2020,"Valkenburg aan de Geul","Valkenburg aan de Geul                  ","Gemeente  ","GM0994              ",74,"    44.6",16.1,17.6,43.3,36.5,"       .","       .",6.8,12.3
"289",90,"18 jaar of ouder","Waarde",2020,"Valkenswaard","Valkenswaard                            ","Gemeente  ","GM0858              ",77.1,"    49.3",16,16.8,40.8,33.6,"       .","       .",6.4,11.2
"290",91,"18 jaar of ouder","Waarde",2020,"Veendam","Veendam                                 ","Gemeente  ","GM0047              ",75.4,"    43.2",21.1,20.4,50.2,35.9,"       .","       .",6.7,10.6
"291",92,"18 jaar of ouder","Waarde",2020,"Veenendaal","Veenendaal                              ","Gemeente  ","GM0345              ",78.5,"       .",16.6,17.4,53.5,33.2,"       .","       .",6.8,10.5
"292",93,"18 jaar of ouder","Waarde",2020,"Veere","Veere                                   ","Gemeente  ","GM0717              ",81,"    55.4",12,12.4,46.8,29.9,"       .","       .",2.9,9.5
"293",94,"18 jaar of ouder","Waarde",2020,"Veldhoven","Veldhoven                               ","Gemeente  ","GM0861              ",79,"    49.8",14.9,14.2,42,31.7,"       .","       .",6,10.5
"294",95,"18 jaar of ouder","Waarde",2020,"Velsen","Velsen                                  ","Gemeente  ","GM0453              ",77.9,"    54.8",15.5,17.8,39.5,33.9,"       .","       .",6.3,11
"295",96,"18 jaar of ouder","Waarde",2020,"Venlo","Venlo                                   ","Gemeente  ","GM0983              ",74.3,"    52.0",18.2,20.2,41.6,36.7,"       .","       .",8.1,13
"296",97,"18 jaar of ouder","Waarde",2020,"Venray","Venray                                  ","Gemeente  ","GM0984              ",77.1,"    52.7",16.5,16.9,41.1,34,"       .","       .",6.8,10.9
"297",98,"18 jaar of ouder","Waarde",2020,"Vijfheerenlanden","Vijfheerenlanden                        ","Gemeente  ","GM1961              ",77.7,"       .",16.3,16.9,49.6,32.3,"       .","       .",6,9.7
"298",99,"18 jaar of ouder","Waarde",2020,"Vlaardingen","Vlaardingen                             ","Gemeente  ","GM0622              ",74.5,"    42.6",19.1,19.6,51.7,34.6,"       .","       .",8.5,14.3
"299",100,"18 jaar of ouder","Waarde",2020,"Vlieland","Vlieland                                ","Gemeente  ","GM0096              ",83.6,"    71.0",15.6,30.9,37.9,28.4,"       .","       .",6.3,10.9
"300",1,"18 jaar of ouder","Waarde",2020,"Vlissingen","Vlissingen                              ","Gemeente  ","GM0718              ",74.5,"    53.0",15.5,18.7,49.8,37,"       .","       .",6.5,14.5
"301",2,"18 jaar of ouder","Waarde",2020,"Voerendaal","Voerendaal                              ","Gemeente  ","GM0986              ",74.6,"    45.5",15.6,15.2,44.4,37.5,"       .","       .",6.4,11.5
"302",3,"18 jaar of ouder","Waarde",2020,"Voorschoten","Voorschoten                             ","Gemeente  ","GM0626              ",81.7,"    51.1",12.7,13.2,42.1,32.8,"       .","       .",5.1,9.6
"303",4,"18 jaar of ouder","Waarde",2020,"Voorst","Voorst                                  ","Gemeente  ","GM0285              ",81.6,"    50.8",15,14.6,42.1,32.7,"       .","       .",4.6,8.3
"304",5,"18 jaar of ouder","Waarde",2020,"Vught","Vught                                   ","Gemeente  ","GM0865              ",80.3,"    52.2",13.7,14.5,37.1,31.3,"       .","       .",5.3,9.2
"305",6,"18 jaar of ouder","Waarde",2020,"Waadhoeke","Waadhoeke                               ","Gemeente  ","GM1949              ",81.1,"    52.9",16.2,18.9,40.3,33.1,"       .","       .",4.5,7.6
"306",7,"18 jaar of ouder","Waarde",2020,"Waalre","Waalre                                  ","Gemeente  ","GM0866              ",80,"    51.9",13.6,12.9,39.9,31.1,"       .","       .",4.8,9.6
"307",8,"18 jaar of ouder","Waarde",2020,"Waalwijk","Waalwijk                                ","Gemeente  ","GM0867              ",77.5,"    44.7",18.4,17.8,43.7,32.6,"       .","       .",7,11.2
"308",9,"18 jaar of ouder","Waarde",2020,"Waddinxveen","Waddinxveen                             ","Gemeente  ","GM0627              ",80.9,"    47.0",15.7,15.4,48,32,"       .","       .",5.8,9.5
"309",10,"18 jaar of ouder","Waarde",2020,"Wageningen","Wageningen                              ","Gemeente  ","GM0289              ",81.1,"    59.0",11.9,17.6,44.5,30.5,"       .","       .",7.9,12.1
"310",11,"18 jaar of ouder","Waarde",2020,"Wassenaar","Wassenaar                               ","Gemeente  ","GM0629              ",80.9,"    50.9",12.8,13.1,42.6,32.8,"       .","       .",5.2,10.3
"311",12,"18 jaar of ouder","Waarde",2020,"Waterland","Waterland                               ","Gemeente  ","GM0852              ",81.3,"    48.3",13.3,13.8,37.9,32.2,"       .","       .",4.2,8
"312",13,"18 jaar of ouder","Waarde",2020,"Weert","Weert                                   ","Gemeente  ","GM0988              ",76.1,"    51.1",15.4,16.8,44.2,33.9,"       .","       .",6.9,12.2
"313",14,"18 jaar of ouder","Waarde",2020,"Weesp","Weesp                                   ","Gemeente  ","GM0457              ",79.9,"    47.3",14.1,15.7,43.9,32.3,"       .","       .",6.4,10.6
"314",15,"18 jaar of ouder","Waarde",2020,"West Betuwe","West Betuwe                             ","Gemeente  ","GM1960              ",79.5,"    46.1",15.9,16.3,45.1,31,"       .","       .",4.9,8.2
"315",16,"18 jaar of ouder","Waarde",2020,"West Maas en Waal","West Maas en Waal                       ","Gemeente  ","GM0668              ",78.3,"    45.8",16,16.4,40.2,32.4,"       .","       .",5,8.7
"316",17,"18 jaar of ouder","Waarde",2020,"Westerkwartier","Westerkwartier                          ","Gemeente  ","GM1969              ",81,"    48.4",14.8,16.5,42.5,31.4,"       .","       .",4.3,7.9
"317",18,"18 jaar of ouder","Waarde",2020,"Westerveld","Westerveld                              ","Gemeente  ","GM1701              ",80.4,"    48.5",15,15.1,42.5,34.1,"       .","       .",3.7,7.6
"318",19,"18 jaar of ouder","Waarde",2020,"Westervoort","Westervoort                             ","Gemeente  ","GM0293              ",77.9,"    51.7",18.3,19,42.5,36,"       .","       .",7,11.2
"319",20,"18 jaar of ouder","Waarde",2020,"Westerwolde","Westerwolde                             ","Gemeente  ","GM1950              ",73.9,"    44.3",21.6,18.3,47.8,36.9,"       .","       .",5.1,10
"320",21,"18 jaar of ouder","Waarde",2020,"Westland","Westland                                ","Gemeente  ","GM1783              ",80.8,"    49.9",14,15.2,41.5,30.5,"       .","       .",5.4,9.6
"321",22,"18 jaar of ouder","Waarde",2020,"Weststellingwerf","Weststellingwerf                        ","Gemeente  ","GM0098              ",79.9,"    49.4",16.1,17.8,44,33.9,"       .","       .",4.8,8.6
"322",23,"18 jaar of ouder","Waarde",2020,"Westvoorne","Westvoorne                              ","Gemeente  ","GM0614              ",78.3,"    45.4",13.8,13.8,44.5,32.9,"       .","       .",4.6,9
"323",24,"18 jaar of ouder","Waarde",2020,"Wierden","Wierden                                 ","Gemeente  ","GM0189              ",83.1,"    50.6",15.7,15.2,38.7,28.9,"       .","       .",3.9,8
"324",25,"18 jaar of ouder","Waarde",2020,"Wijchen","Wijchen                                 ","Gemeente  ","GM0296              ",77.4,"    50.3",15.9,15.8,40.5,34.2,"       .","       .",5.9,9.6
"325",26,"18 jaar of ouder","Waarde",2020,"Wijdemeren","Wijdemeren                              ","Gemeente  ","GM1696              ",82.1,"    48.3",12.9,14.1,39,31.4,"       .","       .",4.4,8
"326",27,"18 jaar of ouder","Waarde",2020,"Wijk bij Duurstede","Wijk bij Duurstede                      ","Gemeente  ","GM0352              ",79.6,"       .",15.6,16,43.8,33.3,"       .","       .",5.1,8.5
"327",28,"18 jaar of ouder","Waarde",2020,"Winterswijk","Winterswijk                             ","Gemeente  ","GM0294              ",78.7,"    53.3",17.9,17.1,38.3,34.8,"       .","       .",6,10.3
"328",29,"18 jaar of ouder","Waarde",2020,"Woensdrecht","Woensdrecht                             ","Gemeente  ","GM0873              ",76.8,"    47.0",17.9,15.8,44.5,32.5,"       .","       .",5.8,11.5
"329",30,"18 jaar of ouder","Waarde",2020,"Woerden","Woerden                                 ","Gemeente  ","GM0632              ",80.9,"       .",13.6,14.5,43.9,31.2,"       .","       .",5.2,8.9
"330",31,"18 jaar of ouder","Waarde",2020,"De Wolden","De Wolden                               ","Gemeente  ","GM1690              ",82,"    48.0",14.9,15.2,40.1,31.9,"       .","       .",3.6,7.9
"331",32,"18 jaar of ouder","Waarde",2020,"Wormerland","Wormerland                              ","Gemeente  ","GM0880              ",79.3,"    48.2",15.4,15.6,40.6,33.1,"       .","       .",5.5,9.4
"332",33,"18 jaar of ouder","Waarde",2020,"Woudenberg","Woudenberg                              ","Gemeente  ","GM0351              ",82.5,"       .",13.5,14.2,47.5,30.6,"       .","       .",4.7,7.9
"333",34,"18 jaar of ouder","Waarde",2020,"Zaanstad","Zaanstad                                ","Gemeente  ","GM0479              ",76,"    47.3",17.5,19.9,47,34.2,"       .","       .",7.7,12.3
"334",35,"18 jaar of ouder","Waarde",2020,"Zaltbommel","Zaltbommel                              ","Gemeente  ","GM0297              ",78.9,"    45.0",16.3,17.4,45.7,30.8,"       .","       .",5.7,9.2
"335",36,"18 jaar of ouder","Waarde",2020,"Zandvoort","Zandvoort                               ","Gemeente  ","GM0473              ",78,"    52.0",14.8,19,38.8,34.7,"       .","       .",6.5,11.5
"336",37,"18 jaar of ouder","Waarde",2020,"Zeewolde","Zeewolde                                ","Gemeente  ","GM0050              ",81.7,"    51.0",14.8,17.8,45.8,30.5,"       .","       .",5.6,9.7
"337",38,"18 jaar of ouder","Waarde",2020,"Zeist","Zeist                                   ","Gemeente  ","GM0355              ",79.1,"       .",13.3,15.8,46.5,33.4,"       .","       .",6.1,10.3
"338",39,"18 jaar of ouder","Waarde",2020,"Zevenaar","Zevenaar                                ","Gemeente  ","GM0299              ",77,"    50.5",18.1,17.8,40.8,35.9,"       .","       .",6.5,10.4
"339",40,"18 jaar of ouder","Waarde",2020,"Zoetermeer","Zoetermeer                              ","Gemeente  ","GM0637              ",77.7,"    45.6",16.8,17.1,51.3,34.3,"       .","       .",7.1,11.8
"340",41,"18 jaar of ouder","Waarde",2020,"Zoeterwoude","Zoeterwoude                             ","Gemeente  ","GM0638              ",84.4,"    52.2",13.1,13.1,39,29.6,"       .","       .",4.3,7.9
"341",42,"18 jaar of ouder","Waarde",2020,"Zuidplas","Zuidplas                                ","Gemeente  ","GM1892              ",81.8,"    46.3",15,14.5,46.8,31,"       .","       .",5.5,9.1
"342",43,"18 jaar of ouder","Waarde",2020,"Zundert","Zundert                                 ","Gemeente  ","GM0879              ",78.4,"    48.5",15.6,14,38.8,29.9,"       .","       .",5.2,9.8
"343",44,"18 jaar of ouder","Waarde",2020,"Zutphen","Zutphen                                 ","Gemeente  ","GM0301              ",78.1,"    51.9",17.3,18.8,45.2,36,"       .","       .",8,11.5
"344",45,"18 jaar of ouder","Waarde",2020,"Zwartewaterland","Zwartewaterland                         ","Gemeente  ","GM1896              ",83.2,"    48.7",16.9,17,42.4,29.4,"       .","       .",4.2,8.2
"345",46,"18 jaar of ouder","Waarde",2020,"Zwijndrecht","Zwijndrecht                             ","Gemeente  ","GM0642              ",75.8,"    41.6",18.9,17,51.8,34.3,"       .","       .",7,11.6
"346",47,"18 jaar of ouder","Waarde",2020,"Zwolle","Zwolle                                  ","Gemeente  ","GM0193              ",80.7,"    52.7",15.1,19.6,42.2,32.2,"       .","       .",6.3,10.9
